"species_code","common_name","scientific_name","bird_group","status_note","brief_description"
"EMPIDONAX_VIRESCENS","Acadian Flycatcher","Empidonax virescens","Flycatchers","No special state or federal status code shown","Flycatchers. Range: breeds eastern USA; winters Nicaragua to Ecuador and Venezuela Indiana listing: No special state or federal status code shown."
"EMPIDONAX_ALNORUM","Alder Flycatcher","Empidonax alnorum","Flycatchers","No special state or federal status code shown","Flycatchers. Range: breeds Alaska to northeastern USA; winters Colombia to Bolivia Indiana listing: No special state or federal status code shown."
"RECURVIROSTRA_AMERICANA","American Avocet","Recurvirostra americana","Stilts and Avocets","No special state or federal status code shown","Stilts and Avocets. Range: southern Canada to central Mexico; winters southern USA to Costa Rica and Cuba Indiana listing: No special state or federal status code shown."
"BOTAURUS_LENTIGINOSUS","American Bittern","Botaurus lentiginosus","Bitterns, Herons, and Egrets","Indiana State Endangered","Bitterns, Herons, and Egrets. Range: breeds Alaska to Mexico; winters to Panama and West Indies Indiana listing: Indiana State Endangered."
"ANAS_RUBRIPES","American Black Duck","Anas rubripes","Ducks, Geese, and Swans","No special state or federal status code shown","Ducks, Geese, and Swans. Range: eastern Canada and northeastern USA; winters to southeastern USA, especially Atlantic coast to South Carolina Indiana listing: No special state or federal status code shown."
"FULICA_AMERICANA","American Coot","Fulica americana","Rails, Gallinules, and Coots","No special state or federal status code shown","Rails, Gallinules, and Coots. Range: breeds southern Alaska across southern Canada, and southward through western and central USA to northwestern Costa Rica, the Caribbean (Greater and Lesser Antilles), and northern South America Indiana listing: No special state or federal status code shown."
"CORVUS_BRACHYRHYNCHOS","American Crow","Corvus brachyrhynchos","Jays, Magpies, Crows, and Ravens","No special state or federal status code shown","Jays, Magpies, Crows, and Ravens. Range: varied habitats from forest and woodland to open fields and cities from southern coastal Alaska, and southern Northwest Territories eastwards to southern Labrador (northwestern to northeastern Canada) southwards to far northern Baja California, southern Texas, and southern Florida; introduced Bermuda Indiana listing: No special state or federal status code shown."
"PLUVIALIS_DOMINICA","American Golden-Plover","Pluvialis dominica","Plovers","Indiana Special Concern","Plovers. Range: breeds high Arctic to subarctic from northern Alaska eastward to northeastern Canada, and southward to north-central British Colombia; winters coastal southeastern Brazil and Argentina, and inland grassland, Paraguay to east-central Argentina Indiana listing: Indiana Special Concern."
"SPINUS_TRISTIS","American Goldfinch","Spinus tristis","Finches","No special state or federal status code shown","Finches. Range: breeds in weedy and grassy fields, orchards, bushy areas, and gardens from southern British Columbia eastwards to southwestern Newfoundland (southwestern to southeastern Canada) southwards through southern California and to northern Louisiana and Georgia; winters southward to northern Baja California and northern (northwestern Mexico), Veracruz (eastern Mexico), and southern Florida Indiana listing: No special state or federal status code shown."
"FALCO_SPARVERIUS","American Kestrel","Falco sparverius","Falcons and Caracaras","No special state or federal status code shown","Falcons and Caracaras. Range: Alaska to Newfoundland, southward through Caribbean to Chile and Argentina to Tierra del Fuego Indiana listing: No special state or federal status code shown."
"ANTHUS_RUBESCENS","American Pipit","Anthus rubescens","Pipits","No special state or federal status code shown","Pipits. Range: breeds northern Alaska including Aleutians through northeastern Canada and western Greenland, and southward through mountains of western North America to Arizona and New Mexico; winters to south-central Mexico and Florida Indiana listing: No special state or federal status code shown."
"SETOPHAGA_RUTICILLA","American Redstart","Setophaga ruticilla","New World Warblers","No special state or federal status code shown","New World Warblers. Range: breeds Alaska to southern USA; winters southern USA to northern South America and West Indies Indiana listing: No special state or federal status code shown."
"TURDUS_MIGRATORIUS","American Robin","Turdus migratorius","Thrushes","No special state or federal status code shown","Thrushes. Range: breeds in varied woodland, forest, and garden types from northern Alaska eastwards to northern Labrador (eastern Canada) and southwards to far northern and (disjunctly) far southern Baja California, mountains of Mexico (to Oaxaca), and southern Texas eastwards to northern Florida; winters from southern Alaska and southern Canada southwards to San Luis Potosi and Veracruz (central Mexico) and southern Florida Indiana listing: No special state or federal status code shown."
"SPIZELLOIDES_ARBOREA","American Tree Sparrow","Spizelloides arborea","Sparrows","No special state or federal status code shown","Sparrows. Range: breeds in open scrub and tundra with scattered shrubs from northern Alaska eastwards to northern Labrador (northeastern Canada), southwards to northern British Columbia and central Quebec (southern Canada); winters across southern Canada to west-central and eastern USA southwards to eastern New Mexico and northern Georgia Indiana listing: No special state or federal status code shown."
"PELECANUS_ERYTHRORHYNCHOS","American White Pelican","Pelecanus erythrorhynchos","Pelicans","No special state or federal status code shown","Pelicans. Range: breeds inland south-central British Columbia and northeastern Alberta to west-central Ontario (southwestern and south-central Canada) southward to central California and Texas (southwestern to south-central USA); non-breeders range inland southern USA to northwestern Central America Indiana listing: No special state or federal status code shown."
"MARECA_AMERICANA","American Wigeon","Mareca americana","Ducks, Geese, and Swans","No special state or federal status code shown","Ducks, Geese, and Swans. Range: breeds Alaska to southern USA; winters through Central America and the Caribbean Indiana listing: No special state or federal status code shown."
"SCOLOPAX_MINOR","American Woodcock","Scolopax minor","Sandpipers and Phalaropes","Indiana Special Concern","Sandpipers and Phalaropes. Range: breeds temperate forest and edge from southwestern Alberta eastward to Maritime Provinces (south-central to southeastern Canada) and southward to southeastern Texas and northern Florida (southeastern USA); winters in southeastern USA Indiana listing: Indiana Special Concern."
"SYNTHLIBORAMPHUS_ANTIQUUS","Ancient Murrelet","Synthliboramphus antiquus","Murres and Murrelets","No special state or federal status code shown","Murres and Murrelets. Range: breeds on forested or vegetated islands of temperate northwestern to northeastern North Pacific coasts, patchily from Kamchatka, Sea of Okhotsk, Sakhalin, Kuril and Commander islands (eastern Russia); Sea of Japan and Yellow Sea, Aleutian Islands, and Gulf of Alaska to western British Columbia (southwestern Canada); winters to Sea of Japan and southwestern Pacific coast of Japan, and southern California; prone to long-distance vagrancy inland, southern Canada, and northern USA Indiana listing: No special state or federal status code shown."
"CALYPTE_ANNA","Anna's Hummingbird","Calypte anna","Hummingbirds","No special state or federal status code shown","Hummingbirds. Range: breeds southwestern Alaska to northwestern Baja California (northwestern Mexico); winters to northern Mexico Indiana listing: No special state or federal status code shown."
"STERNA_PARADISAEA","Arctic Tern","Sterna paradisaea","Gulls, Terns, and Skimmers","No special state or federal status code shown","Gulls, Terns, and Skimmers. Range: breeds circumpolarly, Arctic coasts and inland, from Greenland, Iceland, and British Isles eastward to Kamchatka (eastern Russia), through Aleutian Islands, Alaska mainland through Arctic and subarctic Canada to southeastern Canada; winters subantarctic and Antarctic Ocean to edge of pack-ice Indiana listing: No special state or federal status code shown."
"ICTERUS_GRADUACAUDA","Audubon's Oriole","Icterus graduacauda","Blackbirds and Orioles","No special state or federal status code shown","Blackbirds and Orioles. Range: south-central Texas to central Veracruz and Nayarit to Oaxaca on Pacific slope Indiana listing: No special state or federal status code shown."
"PEUCAEA_AESTIVALIS","Bachman's Sparrow","Peucaea aestivalis","Sparrows","No special state or federal status code shown","Sparrows. Range: pine woodland and open areas with dense scrub in southeastern USA mainly from eastern Texas eastwards through southern North Carolina and southwards to central Florida, with few northward to southern Missouri and southern Virginia Indiana listing: No special state or federal status code shown."
"CALIDRIS_BAIRDII","Baird's Sandpiper","Calidris bairdii","Sandpipers and Phalaropes","No special state or federal status code shown","Sandpipers and Phalaropes. Range: breeds high Arctic dry tundra from Wrangel Island to eastern Chukotskiy Peninsula (northeastern Siberia) through northern and central Alaska, northern Canada including Arctic islands from Banks to Ellesmere and Baffin islands, and northwestern Greenland; winters in mountains and coastally from southern Peru through Chile and southern Argentina Indiana listing: No special state or federal status code shown."
"HALIAEETUS_LEUCOCEPHALUS","Bald Eagle","Haliaeetus leucocephalus","Kites, Eagles, and Hawks","No special state or federal status code shown","Kites, Eagles, and Hawks. Range: various forest and woodland habitats near water from northern Alaska, including the Aleutian Islands and northern Canada eastward to eastern Canada to Labrador, and southward across most US to southern California, the Gulf of Mexico coast and southern Florida; winters southward to northern and northwestern Mexico Indiana listing: No special state or federal status code shown."
"ICTERUS_GALBULA","Baltimore Oriole","Icterus galbula","Blackbirds and Orioles","No special state or federal status code shown","Blackbirds and Orioles. Range: breeds eastern North America (southern Canada to southern USA); winters to northern South America Indiana listing: No special state or federal status code shown."
"HYDROBATES_CASTRO","Band-rumped Storm-Petrel","Hydrobates castro","Storm-Petrels","No special state or federal status code shown","Storm-Petrels. Range: breeds in Atlantic Ocean on Macaronesian and Berlengas islands of western Atlantic, islets near St. Helena and Ascension islands, in Pacific off central Japan, Kauai, and the Galapagos; ranges in Atlantic to Gulf Stream, Gulf of Mexico, western Africa and Gulf of Guinea, in North Pacific, seas off Japan, near main Hawaiian Islands, and coasts of southern Central America to northwestern South America and westward to Marquesas Indiana listing: No special state or federal status code shown."
"PATAGIOENAS_FASCIATA","Band-tailed Pigeon","Patagioenas fasciata","Pigeons and Doves","No special state or federal status code shown","Pigeons and Doves. Range: western North America from southwestern Canada to tepuis of southern Venezuela (Mount Roraima) and mountains of eastern Bolivia and northern Argentina Indiana listing: No special state or federal status code shown."
"RIPARIA_RIPARIA","Bank Swallow","Riparia riparia","Martins and Swallows","No special state or federal status code shown","Martins and Swallows. Range: breeds Holarctic from British Isles and Scandinavia to Iberia and Egypt, eastward to northeastern Siberia and Hokkaido, and Alaska and Canada (except far north) to south-central USA; winters to southern Africa and southern South America Indiana listing: No special state or federal status code shown."
"TYTO_ALBA","Barn Owl","Tyto alba","Barn Owls","Indiana State Endangered","Barn Owls. Range: Range context unavailable in the matched Cornell record. Indiana listing: Indiana State Endangered."
"HIRUNDO_RUSTICA","Barn Swallow","Hirundo rustica","Martins and Swallows","No special state or federal status code shown","Martins and Swallows. Range: Holarctic, breeding from British Isles and southern Scandinavia to North Africa, eastward to northeastern Siberia and Japan, southward to Himalayas, and southern Alaska and Canada to central Mexico, and disjunctly central Argentina; most populations winter in Southern Hemisphere Indiana listing: No special state or federal status code shown."
"BRANTA_LEUCOPSIS","Barnacle Goose","Branta leucopsis","Ducks, Geese, and Swans","No special state or federal status code shown","Ducks, Geese, and Swans. Range: breeds high Arctic eastern Greenland, Svalbard (north of Norway), Novaya Zemlya and nearby Kolguyev and Vaygach islands (northwestern Russia); winters to coastal northern British Isles, southern Scandinavia, and northwestern Europe Indiana listing: No special state or federal status code shown."
"STRIX_VARIA","Barred Owl","Strix varia","Typical Owls","No special state or federal status code shown","Typical Owls. Range: various forest and woodland habitats in western to eastern Canada and far southern Alaska southward in western US to central California and in the Rocky Mountains southward to northeastern Oregon and south-central Idaho; in central and eastern US southward to southern Texas, the Gulf of Mexico coast, and southern Florida Indiana listing: No special state or federal status code shown."
"BUCEPHALA_ISLANDICA","Barrow's Goldeneye","Bucephala islandica","Ducks, Geese, and Swans","No special state or federal status code shown","Ducks, Geese, and Swans. Range: breeds central Alaska southward to Oregon (formerly to northern California) and Wyoming; also in eastern Canada and Iceland; winters from southern Alaska to California and Wyoming, from the Maritime Provinces (Canada) southward to northeastern USA, and Iceland Indiana listing: No special state or federal status code shown."
"SETOPHAGA_CASTANEA","Bay-breasted Warbler","Setophaga castanea","New World Warblers","No special state or federal status code shown","New World Warblers. Range: breeds Canada and northeastern USA; winters Panama and northwestern South America Indiana listing: No special state or federal status code shown."
"VIREO_BELLII","Bell's Vireo","Vireo bellii","Vireos","No special state or federal status code shown","Vireos. Range: breeds in shrubland, riparian scrub, and mesquite brushland disjunctly in coastal southern California southwards to northwestern Baja California, the Colorado River drainage from southern Nevada eastwards to western Texas and southwards to Sinaloa (northwestern Mexico), and from North Dakota eastwards to Wisconsin and Ohio (north-central USA), southwards through northwestern Louiasiana to Durango and southern Nuevo Le<U+00F3>n (north-central Mexico); winters in southern Baja California and the Pacific slope of Mexico from southern Sonora southwards to El Salvador and southwestern Honduras Indiana listing: No special state or federal status code shown."
"MEGACERYLE_ALCYON","Belted Kingfisher","Megaceryle alcyon","Kingfishers","No special state or federal status code shown","Kingfishers. Range: breeds southern Alaska eastward across central and eastern Canada, southward through south-central USA; winters to northern South America including Trinidad and Tobago and West Indies Indiana listing: No special state or federal status code shown."
"THRYOMANES_BEWICKII","Bewick's Wren","Thryomanes bewickii","Wrens","No special state or federal status code shown","Wrens. Range: disjunctly in bushy and scrubby areas, thickets, riparian woodland, and chaparral of far southwestern British Colombia (southwestern Canada) along Pacific coast southwards to southern Baja California, and in interior USA from southern Wyoming to central Missouri southwards through Arizona and eastern Texas to central Oaxaca; very local and declining breeder in eastern USA to Tennessee (formerly more widespread); extinct on San Clemente and Guadalupe islands Indiana listing: No special state or federal status code shown."
"LATERALLUS_JAMAICENSIS","Black Rail","Laterallus jamaicensis","Rails, Gallinules, and Coots","Indiana DNR status SE, FT","Rails, Gallinules, and Coots. Range: coastal central California, breeds eastern seaboard of USA and very locally Kansas, Cuba, and Belize, arid littoral of Peru, and Andes of central Peru (Lake Jun<U+00ED>n), and central Chile (Atacama to Malleco) and far western Argentina Indiana listing: Indiana DNR status SE, FT."
"MELANITTA_AMERICANA","Black Scoter","Melanitta americana","Ducks, Geese, and Swans","No special state or federal status code shown","Ducks, Geese, and Swans. Range: breeds Yana River to Kamchatka (eastern Siberia), Alaska eastward to northwestern Yukon; eastern Northwest Territories and southwestern Nunavut to Newfoundland (central to eastern Canada); winters to central Japan (western North Pacific coast); Aleutian Islands, eastern North Pacific coast to central California; western North Atlantic coast from Newfoundland to northern Florida Indiana listing: No special state or federal status code shown."
"RYNCHOPS_NIGER","Black Skimmer","Rynchops niger","Gulls, Terns, and Skimmers","No special state or federal status code shown","Gulls, Terns, and Skimmers. Range: breeds coastal USA from southern California to western Mexico and Massachusetts to eastern Mexico; river systems of South America from northern Colombia to central Argentina; winters coasts throughout Middle America south to south-central Chile Indiana listing: No special state or federal status code shown."
"CHLIDONIAS_NIGER","Black Tern","Chlidonias niger","Gulls, Terns, and Skimmers","Indiana State Endangered","Gulls, Terns, and Skimmers. Range: breeds inland temperate Canada, USA, and Europe to central Asia; winters coasts and offshore waters, western Africa, and Pacific and Caribbean coastal Mexico to northern South America Indiana listing: Indiana State Endangered."
"CORAGYPS_ATRATUS","Black Vulture","Coragyps atratus","Vultures","No special state or federal status code shown","Vultures. Range: southern and southeastern USA southward through Middle America to central Chile and Argentina (vagrant only to West Indies) Indiana listing: No special state or federal status code shown."
"MNIOTILTA_VARIA","Black-and-white Warbler","Mniotilta varia","New World Warblers","Indiana Special Concern","New World Warblers. Range: breeds Canada to Gulf states; winters Mexico to Peru and West Indies Indiana listing: Indiana Special Concern."
"PICOIDES_ARCTICUS","Black-backed Woodpecker","Picoides arcticus","Woodpeckers","No special state or federal status code shown","Woodpeckers. Range: boreal forest of northern North America Indiana listing: No special state or federal status code shown."
"PLUVIALIS_SQUATAROLA","Black-bellied Plover","Pluvialis squatarola","Plovers","No special state or federal status code shown","Plovers. Range: Holarctic; almost cosmopolitan post-breeding dispersal Indiana listing: No special state or federal status code shown."
"DENDROCYGNA_AUTUMNALIS","Black-bellied Whistling-Duck","Dendrocygna autumnalis","Ducks, Geese, and Swans","No special state or federal status code shown","Ducks, Geese, and Swans. Range: southern USA (where expanding range) to northern Argentina (mainly east of Andes) Indiana listing: No special state or federal status code shown."
"COCCYZUS_ERYTHROPTHALMUS","Black-billed Cuckoo","Coccyzus erythropthalmus","Anis and Cuckoos","Indiana Special Concern","Anis and Cuckoos. Range: breeds eastern North America; winters to Bolivia Indiana listing: Indiana Special Concern."
"PICA_HUDSONIA","Black-billed Magpie","Pica hudsonia","Jays, Magpies, Crows, and Ravens","No special state or federal status code shown","Jays, Magpies, Crows, and Ravens. Range: Alaska and Yukon to western Canada and western USA Indiana listing: No special state or federal status code shown."
"POECILE_ATRICAPILLUS","Black-capped Chickadee","Poecile atricapillus","Chickadees and Titmice","No special state or federal status code shown","Chickadees and Titmice. Range: deciduous and mixed forest and woodland, including gardens and towns, from northwestern Alaska (but not the north slope) eastwards to Newfoundland (eastern Canada), southwards to far northern California, central New Mexico, southern Kansas, and New Jersey, and in Appalachians to far western North Carolina and adjacent Tennessee; some short-range wandering in winter Indiana listing: No special state or federal status code shown."
"ARCHILOCHUS_ALEXANDRI","Black-chinned Hummingbird","Archilochus alexandri","Hummingbirds","No special state or federal status code shown","Hummingbirds. Range: breeds drier parts of southern British Columbia to northwestern Mexico; winters to southern Mexico Indiana listing: No special state or federal status code shown."
"NYCTICORAX_NYCTICORAX","Black-crowned Night-Heron","Nycticorax nycticorax","Bitterns, Herons, and Egrets","Indiana State Endangered","Bitterns, Herons, and Egrets. Range: Range context unavailable in the matched Cornell record. Indiana listing: Indiana State Endangered."
"PHEUCTICUS_MELANOCEPHALUS","Black-headed Grosbeak","Pheucticus melanocephalus","Tanagers, Cardinals, and Grosbeaks","No special state or federal status code shown","Tanagers, Cardinals, and Grosbeaks. Range: breeds southern Alaska and southern British Columbia to southwestern Saskatchewan southward to Guerrero and Oaxaca, central Mexico, westward to Pacific Coast (including northern Baja California), and eastward to central North Dakota to southwestern Texas, western Coahuila, central Puebla, and Oaxaca; nonbreeding range in Mexico along Pacific slope from southern Sonora to Michoac<U+00E1>n, in interior from Zacatecas to Oaxaca, and less commonly on Atlantic slope from Tamaulipas to Oaxaca, and in southern Baja California Indiana listing: No special state or federal status code shown."
"CHROICOCEPHALUS_RIDIBUNDUS","Black-headed Gull","Chroicocephalus ridibundus","Gulls, Terns, and Skimmers","No special state or federal status code shown","Gulls, Terns, and Skimmers. Range: breeds southern Greenland, Iceland, and western Europe eastward across Russia to Yakutsk region (eastern Russia), southward through Caspian Seato northeastern China, also west-central Newfoundland (southeastern Canada); winters to Africa, southern Asia, and eastern North America Indiana listing: No special state or federal status code shown."
"RISSA_TRIDACTYLA","Black-legged Kittiwake","Rissa tridactyla","Gulls, Terns, and Skimmers","No special state or federal status code shown","Gulls, Terns, and Skimmers. Range: breeds on cliffs of high Arctic to temperate north coasts, from Greenland, Iceland, western Europe, Svalbard (north of Norway), north Siberian island to Sakhalin, Kamchatka, Kuril and Commander islands (eastern Russia); Aleutian and Bering Sea islands, western and southwestern Alaska mainland; Canadian high Arctic (northeastern Canada), Gulf of St. Lawrence and Newfoundland (southeastern Canada); winters to western North Atlantic coast and coastal waters south to Virginia; mid-Atlantic Ridge to Azores; North Sea; Japan and Korean Peninsula, and southeastern Alaska to southern California Indiana listing: No special state or federal status code shown."
"HIMANTOPUS_MEXICANUS","Black-necked Stilt","Himantopus mexicanus","Stilts and Avocets","No special state or federal status code shown","Stilts and Avocets. Range: coastal and inland wetlands of western to southeastern USA and Caribbean to central Argentina and southeastern Brazil; also Galapagos and Hawaiian islands Indiana listing: No special state or federal status code shown."
"LIMOSA_LIMOSA","Black-tailed Godwit","Limosa limosa","Sandpipers and Phalaropes","No special state or federal status code shown","Sandpipers and Phalaropes. Range: breeds in subarctic and temperate wet grassland from Iceland, Faroe and British isles, and Scandinavia southward to southwestern France, east through northwestern Russia, northern Kazakhstan, and northern Mongolia eastward to Chukotskiy Peninsula, Kamchatka, Sakhalin, and Amurland (eastern Russia) and Inner Mongolia (northeastern China); winters coastal and inland temperate to tropical wetlands from southern British Isles, southern Europe, Africa (except southern), Middle East, southern Asia, Ryukyu Islands (southern Japan), Taiwan, southeastern China, Philippines, Indonesian Archipelago, southern New Guinea, and Australia Indiana listing: No special state or federal status code shown."
"LARUS_CRASSIROSTRIS","Black-tailed Gull","Larus crassirostris","Gulls, Terns, and Skimmers","No special state or federal status code shown","Gulls, Terns, and Skimmers. Range: breeds coasts and islets of eastern Siberia to Kuril Islands (southeastern Russia), Hokkaido and Honshu (northern and central Japan), Korean Peninsula, eastern China, and Matsu Island (off Taiwan); winters to southward, some reaching southern Vietnam and Philippines Indiana listing: No special state or federal status code shown."
"SETOPHAGA_CAERULESCENS","Black-throated Blue Warbler","Setophaga caerulescens","New World Warblers","No special state or federal status code shown","New World Warblers. Range: breeds deciduous and coniferous forest from Ontario eastwards to Newfoundland (southeastern Canada) and from Minnesota eastwards to Maine (northeastern USA), and in the Appalachian Mountains southwards to northern Georgia; winters mainly in the Greater Antilles, and also Bermuda and the Caribbean coast of Mexico in the Yucatan Peninsula to northern Honduras Indiana listing: No special state or federal status code shown."
"SETOPHAGA_NIGRESCENS","Black-throated Gray Warbler","Setophaga nigrescens","New World Warblers","No special state or federal status code shown","New World Warblers. Range: breeds in open coniferous and deciduous forest in western North America from southern British Columbia (western Canada) southwards to northern Baja California Norte (northwestern Mexico), and inland to Wyoming and Colorado (central USA) southwards to Sonora (northwestern Mexico); winters in Mexico from southern Baja California Sur and on the Pacific slope and interior of Mexico from southern Sonora and Coahuila southwards to Oaxaca Indiana listing: No special state or federal status code shown."
"SETOPHAGA_VIRENS","Black-throated Green Warbler","Setophaga virens","New World Warblers","No special state or federal status code shown","New World Warblers. Range: breeds central Canada to southeastern Canada and north-central to northeastern USA; winters mainly northern Mexico to Costa Rica and West Indies Indiana listing: No special state or federal status code shown."
"SETOPHAGA_FUSCA","Blackburnian Warbler","Setophaga fusca","New World Warblers","No special state or federal status code shown","New World Warblers. Range: breeds eastern North America; winters Costa Rica to Bolivia Indiana listing: No special state or federal status code shown."
"SETOPHAGA_STRIATA","Blackpoll Warbler","Setophaga striata","New World Warblers","No special state or federal status code shown","New World Warblers. Range: breeds Alaska and Canada; winters Colombia to Peru and western Amazonian Brazil Indiana listing: No special state or federal status code shown."
"PASSERINA_CAERULEA","Blue Grosbeak","Passerina caerulea","Tanagers, Cardinals, and Grosbeaks","No special state or federal status code shown","Tanagers, Cardinals, and Grosbeaks. Range: breeds southern and central USA to northwestern Costa Rica; northern populations winter southward to Panama and the Greater Antilles Indiana listing: No special state or federal status code shown."
"CYANOCITTA_CRISTATA","Blue Jay","Cyanocitta cristata","Jays, Magpies, Crows, and Ravens","No special state or federal status code shown","Jays, Magpies, Crows, and Ravens. Range: deciduous, coniferous and mixed forest and woodland from eastern British Columbia eastwards to Newfoundland (southwestern to northeastern Canada), southwards to south-central Texas, the Gulf coast, and southern Florida (southeastern USA) Indiana listing: No special state or federal status code shown."
"POLIOPTILA_CAERULEA","Blue-gray Gnatcatcher","Polioptila caerulea","Gnatcatchers","No special state or federal status code shown","Gnatcatchers. Range: breeds in varied woodland and shrubby habitats, mature deciduous, swamp, and gallery forest from south-central Washington (very local) southwards to southern Baja California (northwestern Mexico) and eastwards to southern Colorado, in Mexico (including the Yucatan Peninsula and Cozumel) to western Guatemala and Belize, and from southern Ontario and southwestern Quebec (southeastern Canada) southwards in eastern USA to central Florida and the Bahamas; winters in southern USA to the Pacific coast of Mexico to Honduras, southern Florida, and Cuba Indiana listing: No special state or federal status code shown."
"VIREO_SOLITARIUS","Blue-headed Vireo","Vireo solitarius","Vireos","No special state or federal status code shown","Vireos. Range: breeds in coniferous, mixed, and deciduous forest from southern Northwest Territories eastwards to Newfoundland (western to eastern Canada), southwards to southern British Columbia, northern tier of northeastern US states, and the Appalachians to northernmost Georgia; winters in southeastern USA, Gulf and Pacific (from Guerrero) slopes of Mexico southwards to Costa Rica Indiana listing: No special state or federal status code shown."
"SPATULA_DISCORS","Blue-winged Teal","Spatula discors","Ducks, Geese, and Swans","No special state or federal status code shown","Ducks, Geese, and Swans. Range: breeds North America (except Arctic and western Alaska), mostly in central prairie regions; winters northern Mexico to Caribbean and coastal northern South America Indiana listing: No special state or federal status code shown."
"VERMIVORA_CYANOPTERA","Blue-winged Warbler","Vermivora cyanoptera","New World Warblers","No special state or federal status code shown","New World Warblers. Range: breeds eastern USA; winters southeastern Mexico to Panama Indiana listing: No special state or federal status code shown."
"DOLICHONYX_ORYZIVORUS","Bobolink","Dolichonyx oryzivorus","Blackbirds and Orioles","No special state or federal status code shown","Blackbirds and Orioles. Range: breeds grassland and meadows of North America; winters to southern South America Indiana listing: No special state or federal status code shown."
"BOMBYCILLA_GARRULUS","Bohemian Waxwing","Bombycilla garrulus","Waxwings","No special state or federal status code shown","Waxwings. Range: breeds northern Europe and northern Asia, and northwestern North America; winters to western Europe, central and eastern Asia, and south of breeding range in North America Indiana listing: No special state or federal status code shown."
"CHROICOCEPHALUS_PHILADELPHIA","Bonaparte's Gull","Chroicocephalus philadelphia","Gulls, Terns, and Skimmers","No special state or federal status code shown","Gulls, Terns, and Skimmers. Range: breeds boreal forest zone from southwestern Alaska mainland across Canada to eastern Quebec (southeastern Canada); winters eastern North Pacific coast southward to west-central Mexico, inland southeastern USA, western North Atlantic coast and offshore Gulf Stream southward to the Bahamas and Cuba Indiana listing: No special state or federal status code shown."
"POECILE_HUDSONICUS","Boreal Chickadee","Poecile hudsonicus","Chickadees and Titmice","No special state or federal status code shown","Chickadees and Titmice. Range: boreal coniferous forest from northwestern Alaska (except north slope) eastwards across northern Canada (south of the Arctic islands) to northern Labrador, southwards to southern Canada, northeastern Washington, and northwestern Idaho,and local and declining in northeastern tier of US states from northern Minnesota eastward to northern New Hampshire and Maine Indiana listing: No special state or federal status code shown."
"FRINGILLA_MONTIFRINGILLA","Brambling","Fringilla montifringilla","Finches","No special state or federal status code shown","Finches. Range: breeds northern Eurasia; winters Mediterranean region and southern Asia Indiana listing: No special state or federal status code shown."
"BRANTA_BERNICLA","Brant","Branta bernicla","Ducks, Geese, and Swans","No special state or federal status code shown","Ducks, Geese, and Swans. Range: breeds Holarctic; winters coasts of Holarctic Indiana listing: No special state or federal status code shown."
"EUPHAGUS_CYANOCEPHALUS","Brewer's Blackbird","Euphagus cyanocephalus","Blackbirds and Orioles","No special state or federal status code shown","Blackbirds and Orioles. Range: western Canada and western USA; winters to southern Mexico Indiana listing: No special state or federal status code shown."
"BUTEO_PLATYPTERUS","Broad-winged Hawk","Buteo platypterus","Kites, Eagles, and Hawks","Indiana Special Concern","Kites, Eagles, and Hawks. Range: breeds central and southern Canada to southeastern USA; resident in Caribbean; winters to Brazil and Bolivia Indiana listing: Indiana Special Concern."
"SULA_LEUCOGASTER","Brown Booby","Sula leucogaster","Boobies and Gannets","No special state or federal status code shown","Boobies and Gannets. Range: widespread tropical and subtropical ocean islands; Cape Verde Islands (southern Macaronesia), Boatswain Bird Island (just off Ascension, south-central South Atlantic Ocean), Alcatraz Island (west of northwestern Guinea), and Gulf of Guinea islands, Caribbean islands off Yucatan Peninsula and Honduras to Panama and southwestern Colombia, Bahamas and Cayman Islands to Lesser Antilles, islands north of Venezuela and Tobago and off Brazil, islands off Somalia and Socotra, Aldabra, and Madagascar, and Chagos Archipelago, Cocos (Keeling), and Christmas islands (tropical Indian Ocean), islands off northern Australia, Tench (St. Matthias group, north-central Bismarck Archipelago), remote islands in Melanesia; many islands of southern Japan including Kyushu; Taiwan; offshore islands of Philippines, Vietnam, and Malaysia, in Flores and Banda seas, from Marianas and Palau through Hawaiian Islands and Gambier Islands (eastern Tuamotu Archipelago; eastern Polynesia) Indiana listing: No special state or federal status code shown."
"CERTHIA_AMERICANA","Brown Creeper","Certhia americana","Creepers","No special state or federal status code shown","Creepers. Range: breeds in coniferous, mixed, and deciduous forest from southern Alaska and British Colombia eastwards to Newfoundland (western to eastern Canada), southwards on Pacific coast and mountains of western USA to southern California, mountains of Mexico to northwestern Nicaragua, northeastern USA, and southwards along the Appalachians (to eastern Tennessee and western North Carolina), with isolated populations along the US Atlantic coast (to southeastern Maryland); winters in wider range of habitats including edge, riparian areas, and orchards at lower elevations from southern Canada to northeastern Mexico and central Florida Indiana listing: No special state or federal status code shown."
"PELECANUS_OCCIDENTALIS","Brown Pelican","Pelecanus occidentalis","Pelicans","No special state or federal status code shown","Pelicans. Range: breeds coastal southern California to Ecuador including Galapagos; Maryland through Caribbean; non-breeders range to southwestern coastal British Columbia and southward to northern Peru Indiana listing: No special state or federal status code shown."
"TOXOSTOMA_RUFUM","Brown Thrasher","Toxostoma rufum","Mockingbirds and Thrashers","No special state or federal status code shown","Mockingbirds and Thrashers. Range: breeds in riparian woodland, forest edge, thickets in tall grass prairie, and dense shrubs, from southeastern Alberta eastwards to Nova Scotia (south-central to southeastern Canada), southwards to eastern Texas, the Gulf coast, and southern Florida; winters in southern half of range Indiana listing: No special state or federal status code shown."
"MOLOTHRUS_ATER","Brown-headed Cowbird","Molothrus ater","Blackbirds and Orioles","No special state or federal status code shown","Blackbirds and Orioles. Range: grassland with scattered trees, thickets, and fields from far southeastern Alaska and northwestern Canada eastwards to Labrador (eastern Canada), and southwards across the USA to northern Baja California, central Mexico (Michoacan), the Gulf of Mexico coast in the US and central Florida; winters to southern Baja California and Oaxaca (southwestern Mexico), southern Florida, and the Bahamas Indiana listing: No special state or federal status code shown."
"CALIDRIS_SUBRUFICOLLIS","Buff-breasted Sandpiper","Calidris subruficollis","Sandpipers and Phalaropes","Indiana Special Concern","Sandpipers and Phalaropes. Range: breeds high Arctic dry coastal tundra from Wrangel Island (northeastern Siberia) eastward through Alaskan North Slope to northeastern Canada, including Arctic islands from Banks to Devon; migrates to grassland of southeastern Brazil and Uruguay to central Argentina; prone to extreme vagrancy worldwide Indiana listing: Indiana Special Concern."
"BUCEPHALA_ALBEOLA","Bufflehead","Bucephala albeola","Ducks, Geese, and Swans","No special state or federal status code shown","Ducks, Geese, and Swans. Range: breeds subarctic west-central Alaska and Canada eastward to eastern Quebec and (locally) northwestern and north-central USA; winters to central Mexico and northern Florida Indiana listing: No special state or federal status code shown."
"ICTERUS_BULLOCKII","Bullock's Oriole","Icterus bullockii","Blackbirds and Orioles","No special state or federal status code shown","Blackbirds and Orioles. Range: breeds southwestern Canada southward through western USA to northern Mexico; winters northern Mexico southward to Guatemala Indiana listing: No special state or federal status code shown."
"ATHENE_CUNICULARIA","Burrowing Owl","Athene cunicularia","Typical Owls","No special state or federal status code shown","Typical Owls. Range: various grassland, steppe and arid habitats from south-central Canada southward across western and west-central US to southern Baja California, southern Florida and southward across Mexico to (more locally and seasonally) western Costa Rica; Bahamas, Hispaniola and locally in Cuba; in South America in the lowlands of northern Colombia and western Venezuela, the R<U+00ED>o Cauca and R<U+00ED>o Magdalena valleys of central Colombia and central Andean valleys of Ecuador and northern Peru; coastal southwestern Ecuador southward to southern Chile and in the Andes southward to southern Argentina; also in the llanos and locally across the Amazon River basin (mostly along river islands and sandbanks) from central Venezuela and western Guyana, and in interior and eastern Brazil, southward to southern Argentina, in the provinces of Rio Negro and Chubut; also in Aruba and (extinct) in Guadaloupe, Nevis and Antigua Indiana listing: No special state or federal status code shown."
"BRANTA_HUTCHINSII","Cackling Goose","Branta hutchinsii","Ducks, Geese, and Swans","No special state or federal status code shown","Ducks, Geese, and Swans. Range: breeds high Arctic of North America; winters western and central USA Indiana listing: No special state or federal status code shown."
"LARUS_CALIFORNICUS","California Gull","Larus californicus","Gulls, Terns, and Skimmers","No special state or federal status code shown","Gulls, Terns, and Skimmers. Range: breeds on islands in lakes and rivers of central Northwest Territories to central Manitoba (central Canada) to northeastern South Dakota; eastern Washington to Montana and southward to Colorado and central California; winters on coast from southern British Columbia (southwestern Canada) to west-central Mexico Indiana listing: No special state or federal status code shown."
"APHELOCOMA_CALIFORNICA","California Scrub-Jay","Aphelocoma californica","Jays, Magpies, Crows, and Ravens","No special state or federal status code shown","Jays, Magpies, Crows, and Ravens. Western scrub and oak woodland species of California, Baja California, and adjacent southwestern Oregon; an Indiana-occurrence record is retained from the state checklist. Indiana listing: No special state or federal status code shown."
"APHELOCOMA_WOODHOUSEII","Woodhouse's Scrub-Jay","Aphelocoma woodhouseii","Jays, Magpies, Crows, and Ravens","No special state or federal status code shown","Jays, Magpies, Crows, and Ravens. Arid interior scrub, pinyon-juniper, and oak woodland species of the interior Southwest and Great Basin; an Indiana-occurrence record is retained from the state checklist. Indiana listing: No special state or federal status code shown."
"SELASPHORUS_CALLIOPE","Calliope Hummingbird","Selasphorus calliope","Hummingbirds","No special state or federal status code shown","Hummingbirds. Range: breeds mountains of British Columbia to southwestern USA and northern Baja California; winters to southern Mexico Indiana listing: No special state or federal status code shown."
"BRANTA_CANADENSIS","Canada Goose","Branta canadensis","Ducks, Geese, and Swans","No special state or federal status code shown","Ducks, Geese, and Swans. Range: breeds most of North America; winters mostly USA Indiana listing: No special state or federal status code shown."
"CARDELLINA_CANADENSIS","Canada Warbler","Cardellina canadensis","New World Warblers","No special state or federal status code shown","New World Warblers. Range: breeds eastern North America; winters Panama and mountains of northwestern South America Indiana listing: No special state or federal status code shown."
"AYTHYA_VALISINERIA","Canvasback","Aythya valisineria","Ducks, Geese, and Swans","No special state or federal status code shown","Ducks, Geese, and Swans. Range: breeds North America from northern Alaska and western Canada southward through northern California, southern Colorado, and Minnesota (USA); winters to central Mexico Indiana listing: No special state or federal status code shown."
"SETOPHAGA_TIGRINA","Cape May Warbler","Setophaga tigrina","New World Warblers","No special state or federal status code shown","New World Warblers. Range: breeds Canada and northeastern USA; winters mainly West Indies Indiana listing: No special state or federal status code shown."
"POECILE_CAROLINENSIS","Carolina Chickadee","Poecile carolinensis","Chickadees and Titmice","No special state or federal status code shown","Chickadees and Titmice. Range: swamp, pine, and hardwood forest, riparian woodland, and scrub from southern Kansas eastwards to northern Ohio, northern Indiana, southern Pennsylvania, and northern New Jersey (east-central USA) southwards to south-central Texas, Gulf coast, and northern Florida (southeastern USA) Indiana listing: No special state or federal status code shown."
"THRYOTHORUS_LUDOVICIANUS","Carolina Wren","Thryothorus ludovicianus","Wrens","No special state or federal status code shown","Wrens. Range: disjunctly in cypress swamps, shrubby ravines, and various woodland and shrubby habitats from far southern Ontario and far western Quebec (southeastern Canada) southwards in eastern USA from eastern Kansas to eastern San Luis Potosi (east-central Mexico), Gulf coast, and southern Florida, in Yucatan Peninsula including northern Guatemala and northern Belize, and in southwestern Honduras and northernwestern Nicaragua Indiana listing: No special state or federal status code shown."
"HYDROPROGNE_CASPIA","Caspian Tern","Hydroprogne caspia","Gulls, Terns, and Skimmers","No special state or federal status code shown","Gulls, Terns, and Skimmers. Range: breeds patchily coastal Baltic Sea and inland southeast Europe to western Mongolia and Ussuriland (southeastern Russia) and northeastern China and southern Asian coasts; coastal and inland western and southern Africa; Europa (west of southern Madagascar, Mozambique Channel), coastal Madagascar and Aldabra group (southwestern Seychelles); coastal and inland northern and eastern Australia, coastal New Zealand (North, South and Stewart islands); inland Northwest Territories to northeastern Canada, in south to central California and Great Lakes; winters to coastal Africa, Red Sea, Persian Gulf, India, Thailand, Malay Peninsula, and Vietnam; eastern Pacific and Caribbean to Panama Indiana listing: No special state or federal status code shown."
"PEUCAEA_CASSINII","Cassin's Sparrow","Peucaea cassinii","Sparrows","No special state or federal status code shown","Sparrows. Range: breeds arid southwestern USA and adjacent northern Mexico; winters to central Mexico Indiana listing: No special state or federal status code shown."
"BUBULCUS_IBIS","Cattle Egret","Bubulcus ibis","Bitterns, Herons, and Egrets","No special state or federal status code shown","Bitterns, Herons, and Egrets. Range: Range context unavailable in the matched Cornell record. Indiana listing: No special state or federal status code shown."
"PETROCHELIDON_FULVA","Cave Swallow","Petrochelidon fulva","Martins and Swallows","No special state or federal status code shown","Martins and Swallows. Range: breeds in open areas near human-made structures and near water, disjunctly in southern USA from southern New Mexico and central Texas southwards to north-central Mexico (Durango and Zacatecas), in northern Yucatan Peninsula, and Chiapas (southeastern Mexico), southern Florida, southern Andros (Bahamas; very local), and Greater Antilles; range expanding in USA Indiana listing: No special state or federal status code shown."
"BOMBYCILLA_CEDRORUM","Cedar Waxwing","Bombycilla cedrorum","Waxwings","No special state or federal status code shown","Waxwings. Range: breeds North America; winters to northern South America and Greater Antilles Indiana listing: No special state or federal status code shown."
"SETOPHAGA_CERULEA","Cerulean Warbler","Setophaga cerulea","New World Warblers","Indiana State Endangered","New World Warblers. Range: breeds eastern North America; winters mountains of Colombia to Venezuela and southward in Andes to western Bolivia Indiana listing: Indiana State Endangered."
"SETOPHAGA_PENSYLVANICA","Chestnut-sided Warbler","Setophaga pensylvanica","New World Warblers","No special state or federal status code shown","New World Warblers. Range: breeds eastern North America; winters Guatemala to Panama Indiana listing: No special state or federal status code shown."
"CHAETURA_PELAGICA","Chimney Swift","Chaetura pelagica","Swifts","No special state or federal status code shown","Swifts. Range: breeds eastern North America; winters in coastal Peru and northern Chile, in Amazonian Peru, and probably in western Brazil Indiana listing: No special state or federal status code shown."
"SPIZELLA_PASSERINA","Chipping Sparrow","Spizella passerina","Sparrows","No special state or federal status code shown","Sparrows. Range: breeds open coniferous forest, woodland and groves with grassy and shrubby undergrowth, including human-modified habitats and towns, from eastern Alaska eastwards to southern Newfoundland (eastern Canada) and southwards to northern Baja California, through mountains of Mexico to northeastern Nicaragua, the Gulf coast, and northern Florida; Central American populations resident; northern populations winter in southern USA and northern Mexico Indiana listing: No special state or federal status code shown."
"ANTROSTOMUS_CAROLINENSIS","Chuck-will's-widow","Antrostomus carolinensis","Nighthawks and Nightjars","No special state or federal status code shown","Nighthawks and Nightjars. Range: breeds eastern USA; winters southeastern USA to Greater Antilles and northern South America Indiana listing: No special state or federal status code shown."
"SPATULA_CYANOPTERA","Cinnamon Teal","Spatula cyanoptera","Ducks, Geese, and Swans","No special state or federal status code shown","Ducks, Geese, and Swans. Range: western North America from British Colombia southward to northwestern Mexico; disjunctly western and southern South America Indiana listing: No special state or federal status code shown."
"SPIZELLA_PALLIDA","Clay-colored Sparrow","Spizella pallida","Sparrows","No special state or federal status code shown","Sparrows. Range: breeds western Canada and USA; winters to Guatemala Indiana listing: No special state or federal status code shown."
"PETROCHELIDON_PYRRHONOTA","Cliff Swallow","Petrochelidon pyrrhonota","Martins and Swallows","No special state or federal status code shown","Martins and Swallows. Range: breeds in canyons, embankments, cliffs, and urban areas, especially on bridges, from western and central Alaska eastwards to Nova Scotia (southeastern Canada), southwards to northern Baja California, central Oaxaca (northwestern and southern Mexico), and east-central USA, with scattered colonies on Atlantic and Gulf coasts of USA, and in east-central Argentina; winters from eastern Paraguay and southern Brazil (Mato Grosso do Sul eastward to Minas Gerais) southwards to central Argentina (Buenos Aires) Indiana listing: No special state or federal status code shown."
"GRUS_GRUS","Common Crane","Grus grus","Cranes","No special state or federal status code shown","Cranes. Range: breeds northern Eurasia; winters to northern Africa, southern India, and southeastern Asia Indiana listing: No special state or federal status code shown."
"GALLINULA_GALEATA","Common Gallinule","Gallinula galeata","Rails, Gallinules, and Coots","Indiana State Endangered","Rails, Gallinules, and Coots. Range: breeds southwestern USA and southeastern Canada southward to the West Indies, Venezuela, Trinidad, and the Guianas, northern Argentina, Uruguay, and Brazil; northern populations move southward in winter Indiana listing: Indiana State Endangered."
"BUCEPHALA_CLANGULA","Common Goldeneye","Bucephala clangula","Ducks, Geese, and Swans","No special state or federal status code shown","Ducks, Geese, and Swans. Range: breeds subarctic from Scotland and Scandinavia to Sakhalin and Kamchatka (southeastern Russia), in south through northern Kazakhstan, northern Mongolia, and Heilongjiang (northeastern China); western Alaskan mainland to Labrador and New Brunswick, in south through northern tier of contiguous USA; winters to southern Europe, eastern China, and middle tier of USA Indiana listing: No special state or federal status code shown."
"QUISCALUS_QUISCULA","Common Grackle","Quiscalus quiscula","Blackbirds and Orioles","No special state or federal status code shown","Blackbirds and Orioles. Range: varied open habitats from forest borders and open woodland to marshes and fields from Northwest Territories eastward to Newfoundland (north-central to northeastern Canada), southwards from central New Mexico to southern Florida; resident in southern two-thirds of range, with northern birds moving southward Indiana listing: No special state or federal status code shown."
"COLUMBINA_PASSERINA","Common Ground Dove","Columbina passerina","Pigeons and Doves","No special state or federal status code shown","Pigeons and Doves. Range: coastal southeastern USA (South Carolina to Florida and southeastern Texas) and arid southwestern USA through Caribbean to far southern Venezuela, the Guianas, and eastern Brazil Indiana listing: No special state or federal status code shown."
"GAVIA_IMMER","Common Loon","Gavia immer","Loons","No special state or federal status code shown","Loons. Range: breeds in southern Greenland, Iceland, and northern North America southward to northern tier of US states; winters from Iceland and Scandinavia southward to the Iberian Peninsula and from southern Alaska and the Maritime Provinces (Canada) southward to northern Mexico Indiana listing: No special state or federal status code shown."
"MERGUS_MERGANSER","Common Merganser","Mergus merganser","Ducks, Geese, and Swans","No special state or federal status code shown","Ducks, Geese, and Swans. Range: breeds Iceland, northern and central Europe, subarctic Russia through northeastern Kazakhstan, and northeastern Afghanistan through Tibet and western China, northern Mongolia to Kamchatka, Hokkaido (northern Japan) and northeastern China; southwestern Alaska mainland through subarctic Canada to Newfoundland, southward through western USA and to northern Great Lakes; winters to central Europe and eastern China, and to southern California and Maryland Indiana listing: No special state or federal status code shown."
"CHORDEILES_MINOR","Common Nighthawk","Chordeiles minor","Nighthawks and Nightjars","Indiana Special Concern","Nighthawks and Nightjars. Range: breeds central and southern Canada to Panama; winters to southern South America Indiana listing: Indiana Special Concern."
"CORVUS_CORAX","Common Raven","Corvus corax","Jays, Magpies, Crows, and Ravens","No special state or federal status code shown","Jays, Magpies, Crows, and Ravens. Range: Holarctic, from Arctic Circle southward in mountains of Old World to northern Africa, Middle East, northern Indian Subcontinent, and the Kurile Islands; in the New World southward in mountains to northwestern Nicaragua and northern Georgia (southeastern USA) Indiana listing: No special state or federal status code shown."
"ACANTHIS_FLAMMEA","Common Redpoll","Acanthis flammea","Finches","No special state or federal status code shown","Finches. Range: Range context unavailable in the matched Cornell record. Indiana listing: No special state or federal status code shown."
"STERNA_HIRUNDO","Common Tern","Sterna hirundo","Gulls, Terns, and Skimmers","No special state or federal status code shown","Gulls, Terns, and Skimmers. Range: widespread, subarctic, temperate, and locally tropical Northern Hemisphere; winters coastally to southern Africa, western Madagascar, southern Australia, and southeastern South America Indiana listing: No special state or federal status code shown."
"GEOTHLYPIS_TRICHAS","Common Yellowthroat","Geothlypis trichas","New World Warblers","No special state or federal status code shown","New World Warblers. Range: breeds thickets mainly in wetlands and prairies from far southern Alaska to eastern Canada and southwards across most of the USA to northern Baja California and south-central Mexico; resident in southern USA; winters in southeastern Texas through Mexico, including southern Baja California, southwards to central Panama, and in the Bahamas and Greater Antilles Indiana listing: No special state or federal status code shown."
"OPORORNIS_AGILIS","Connecticut Warbler","Oporornis agilis","New World Warblers","No special state or federal status code shown","New World Warblers. Range: breeds locally from northeastern British Columbia and southwestern Northwest Territories, eastward to west-central Quebec and south to the northern Great Lakes region of the United States; wintering range poorly known but evidently mainly southern edge of Amazon Basin Indiana listing: No special state or federal status code shown."
"ASTUR_COOPERII","Cooper's Hawk","Astur cooperii","Kites, Eagles, and Hawks","No special state or federal status code shown","Kites, Eagles, and Hawks. Range: woodland of southern Canada and USA; winters to Central America Indiana listing: No special state or federal status code shown."
"CARACARA_PLANCUS","Crested Caracara","Caracara plancus","Falcons and Caracaras","No special state or federal status code shown","Falcons and Caracaras. Range: southern USA (Arizona to Texas; Florida) and Mexico (including the Tres Mar<U+00ED>as Islands) southward to Tierra del Fuego and the Falkland Islands Indiana listing: No special state or federal status code shown."
"CALIDRIS_FERRUGINEA","Curlew Sandpiper","Calidris ferruginea","Sandpipers and Phalaropes","No special state or federal status code shown","Sandpipers and Phalaropes. Range: breeds drier tundra from Yamal Peninsula to northwestern Chukotskiy Peninsula (northwestern to northeastern Siberia), including New Siberian Islands; winters southern Europe and Africa eastward through southern Asia to Taiwan and Philippines and southward to Melanesia; prone to extreme vagrancy Indiana listing: No special state or federal status code shown."
"JUNCO_HYEMALIS","Dark-eyed Junco","Junco hyemalis","Sparrows","No special state or federal status code shown","Sparrows. Range: breeds in varied (often coniferous) forest, woodland, and shrubland from northeastern Alaska eastwards to Newfoundland and Labrador (northeastern Canada) southwards to northern Baja California and New Mexico, and in northeastern USA southwards in the Appalachian mountains to northernmost Georgia; winters from south-central Canada southwards to northern Baja California and Durango (central Mexico), and in eastern USA southwards to the Gulf coast and northern Florida Indiana listing: No special state or federal status code shown."
"SPIZA_AMERICANA","Dickcissel","Spiza americana","Tanagers, Cardinals, and Grosbeaks","No special state or federal status code shown","Tanagers, Cardinals, and Grosbeaks. Range: breeds eastern North America; winters to southern Mexico to northern South America Indiana listing: No special state or federal status code shown."
"NANNOPTERUM_AURITUM","Double-crested Cormorant","Nannopterum auritum","Cormorants","No special state or federal status code shown","Cormorants. Range: widespread coastal and inland temperate and subtropical North America from eastern Aleutian Islands and Gulf of St. Lawrence to southern Baja California, Yucatan Peninsula, Cuba, and Bahamas Indiana listing: No special state or federal status code shown."
"DRYOBATES_PUBESCENS","Downy Woodpecker","Dryobates pubescens","Woodpeckers","No special state or federal status code shown","Woodpeckers. Range: mostly deciduous woodland in North America from western Alaska southward across Canada and the US southward to northern Baja California Norte, in Mexico, southern Texas and southern Florida, and eastward across Canada to the provinces of Newfoundland and Nova Scotia Indiana listing: No special state or federal status code shown."
"CALIDRIS_ALPINA","Dunlin","Calidris alpina","Sandpipers and Phalaropes","No special state or federal status code shown","Sandpipers and Phalaropes. Range: breeds low (locally high) Arctic to temperate wet tundra of Holarctic, from southwestern and northeastern Greenland, Iceland, Faroe Islands, northern British Isles, Scandinavia, Baltic region east through northern Russia including Novaya Zemlya (north of northwestern Siberia) and New Siberian Islands (north of east-central Russia), through Chukotskiy Peninsula, western Kamchatka, northern Kurile and northern Sakhalin islands (eastern Russia); Aleutian Islands, western and northern Alaska and northwestern Canada, and north-central Canada north and west of Hudson Bay; winters coastal and inland wetlands from temperate to tropical zones mainly north of Equator, from British Isles, western Europe, Mediterranean, northern and north-central Africa, Middle East, northern Indian subcontinent to northern Vietnam and eastern China, Taiwan, Korean Peninsula, and Japan (except northern); southwestern Canada and New England to west-central Mexico and Yucatan Peninsula Indiana listing: No special state or federal status code shown."
"PODICEPS_NIGRICOLLIS","Eared Grebe","Podiceps nigricollis","Grebes","No special state or federal status code shown","Grebes. Range: breeds temperate Eurasia to Russian Far East and northeastern China; eastern and southern Africa; southwestern Canada and western and west-central USA to central Mexico; winters to coasts of northern Africa, Arabian Peninsula, Black and Caspian seas, northwestern Indian subcontinent, southeastern China, Korean Peninsula, and Japan; southern Mexico and east-central USA Indiana listing: No special state or federal status code shown."
"SIALIA_SIALIS","Eastern Bluebird","Sialia sialis","Thrushes","No special state or federal status code shown","Thrushes. Range: disjunctly in varied habitats from orchards to pine savanna, from eastern Saskatchewan eastwards to Nova Scotia (south-central to southeastern Canada), southwards in east-central and eastern USA to southern Texas, the Gulf coast, and southern Florida, Bermuda, and mountains from southern Arizona and Mexico to northeastern Nicaragua; some winter withdrawal from far north of range Indiana listing: No special state or federal status code shown."
"TYRANNUS_TYRANNUS","Eastern Kingbird","Tyrannus tyrannus","Flycatchers","No special state or federal status code shown","Flycatchers. Range: breeds eastern North America; winters mainly western Amazon basin Indiana listing: No special state or federal status code shown."
"STURNELLA_MAGNA","Eastern Meadowlark","Sturnella magna","Blackbirds and Orioles","No special state or federal status code shown","Blackbirds and Orioles. Range: varied grassland and savanna habitats from southeastern Canada and north-central and northeastern USA southwards to the Gulf coast and southern Florida, Cuba, from southern Texas southwards in eastern Mexico locally to northern and central Colombia and Venezuela, the tepuis of southern Venezuela, northern Brazil (Roraima), and adjacent Guyana, and in northern Guianas eastwards to northeastern Brazil (Amap<U+00E1> and northern Par<U+00E1>); withdraws from northern tier of range in winter Indiana listing: No special state or federal status code shown."
"SAYORNIS_PHOEBE","Eastern Phoebe","Sayornis phoebe","Flycatchers","No special state or federal status code shown","Flycatchers. Range: breeds eastern Canada and USA; winters to southeastern Mexico Indiana listing: No special state or federal status code shown."
"MEGASCOPS_ASIO","Eastern Screech-Owl","Megascops asio","Typical Owls","No special state or federal status code shown","Typical Owls. Range: various forest and woodland habitats in central and eastern US and far southern Canada (in the provinces of Manitoba, adjacent Saskatchewan, Ontario and Quebec) southward to southern Florida, southern Texas and northeastern Mexico (southward to northernmost San Luis Potosi and southern Tamaulipas); in US west to the Rocky Mountains in central Montana  Indiana listing: No special state or federal status code shown."
"PIPILO_ERYTHROPHTHALMUS","Eastern Towhee","Pipilo erythrophthalmus","Sparrows","No special state or federal status code shown","Sparrows. Range: breeds in varied dense, shrubby, semi-humid to xeric habitats with open canopy from southeastern Saskatchewan eastwards to Quebec, (south-central to southeastern Canada), southwards to southeastern Texas and southern Florida; resident in southern half of range, some wintering to southern Texas Indiana listing: No special state or federal status code shown."
"ANTROSTOMUS_VOCIFERUS","Eastern Whip-poor-will","Antrostomus vociferus","Nighthawks and Nightjars","Indiana Special Concern","Nighthawks and Nightjars. Range: breeds southern Canada and eastern USA; winters to Cuba and western Panama Indiana listing: Indiana Special Concern."
"CONTOPUS_VIRENS","Eastern Wood-Pewee","Contopus virens","Flycatchers","No special state or federal status code shown","Flycatchers. Range: breeds eastern North America; winters to northern Bolivia and western Brazil Indiana listing: No special state or federal status code shown."
"STREPTOPELIA_DECAOCTO","Eurasian Collared-Dove","Streptopelia decaocto","Pigeons and Doves","Exotic or introduced","Pigeons and Doves. Range: Europe to Middle East, India, Sri Lanka, western China, and Korea; introduced in North America, and occurs in the USA (except northeastern), southern Canada (except eastern) and southern Alaska, the West Indies, and northern Mexico locally to southern Mexico Indiana listing: Exotic or introduced."
"PASSER_MONTANUS","Eurasian Tree Sparrow","Passer montanus","Old World Sparrows","Exotic or introduced","Old World Sparrows. Range: Eurasia, southeastern Asia, Malay Peninsula, Indonesian Archipelago, and Philippines Indiana listing: Exotic or introduced."
"MARECA_PENELOPE","Eurasian Wigeon","Mareca penelope","Ducks, Geese, and Swans","No special state or federal status code shown","Ducks, Geese, and Swans. Range: breeds northern and central Eurasia; winters to northern Africa and southern and southeastern Asia; frequent vagrant to North America Indiana listing: No special state or federal status code shown."
"STURNUS_VULGARIS","European Starling","Sturnus vulgaris","Starlings","Exotic or introduced","Starlings. Range: breeds Britain and Scandinavia to central Europe, southern Siberia, northern Mongolia, Pakistan, and western Himalayas; northern populations winter to south Indiana listing: Exotic or introduced."
"HESPERIPHONA_VESPERTINA","Evening Grosbeak","Hesperiphona vespertina","Finches","No special state or federal status code shown","Finches. Range: breeds in conifer forest and pine-oak woodland from southern Yukon eastwards to Newfoundland (northwestern to eastern Canada) southwards to northern USA, in western USA southwards in mountains to eastern California and New Mexico, and in Mexicon mountains to Durango, and (rare) in the volcanic belt of central Mexico to northern Oaxaca; winters irruptively from south-central Canada southwards to south-central USA  Indiana listing: No special state or federal status code shown."
"BUTEO_REGALIS","Ferruginous Hawk","Buteo regalis","Kites, Eagles, and Hawks","No special state or federal status code shown","Kites, Eagles, and Hawks. Range: prairies and plains of southern Canada to northern Mexico Indiana listing: No special state or federal status code shown."
"SPIZELLA_PUSILLA","Field Sparrow","Spizella pusilla","Sparrows","No special state or federal status code shown","Sparrows. Range: breeds southeastern Canada to central and eastern USA; winters to northeastern Mexico Indiana listing: No special state or federal status code shown."
"CORVUS_OSSIFRAGUS","Fish Crow","Corvus ossifragus","Jays, Magpies, Crows, and Ravens","No special state or federal status code shown","Jays, Magpies, Crows, and Ravens. Range: eastern USA (New England to eastern Texas) Indiana listing: No special state or federal status code shown."
"TYRANNUS_SAVANA","Fork-tailed Flycatcher","Tyrannus savana","Flycatchers","No special state or federal status code shown","Flycatchers. Range: southern Mexico (Veracruz) to Colombia, the Guianas, and northern Brazil disjunctly to central Argentina; southern populations migratory Indiana listing: No special state or federal status code shown."
"STERNA_FORSTERI","Forster's Tern","Sterna forsteri","Gulls, Terns, and Skimmers","No special state or federal status code shown","Gulls, Terns, and Skimmers. Range: breeds inland central Alberta eastward to central Manitoba (south-central Canada) patchily southward to northern Baja California (northwestern Mexico), Colorado, and the Great Lakes, also North Atlantic coast from New Jersey to North Carolina, and Gulf coast southward to northern Tamaulipas (northeastern Mexico); winters to Gulf coast, Bahamas, Cuba, and southern Mexico Indiana listing: No special state or federal status code shown."
"PASSERELLA_ILIACA","Fox Sparrow","Passerella iliaca","Sparrows","No special state or federal status code shown","Sparrows. Range: breeds in shrubby woodland borders, thickets, and forest from northern Alaska including the eastern Aleutian Islands eastwards to Newfoundland (northeastern Canada), southwards in western USA to central California and western Utah, and in eastern USA southwards to northernmost Maine; winters along the Pacific coast from southwestern Canada southwards to northern tier of Mexican states, Atlantic coast from eastern Canada southwards to northern Florida, and in southeastern USA southwards to the Gulf coast and northern Florida  Indiana listing: No special state or federal status code shown."
"LEUCOPHAEUS_PIPIXCAN","Franklin's Gull","Leucophaeus pipixcan","Gulls, Terns, and Skimmers","No special state or federal status code shown","Gulls, Terns, and Skimmers. Range: breeds prairie marshes of western and northern Alberta eastward to southwestern Manitoba, and southward from east-central Oregon to northwestern Minnesota; winters coasts from Ecuador (including Galapagos) to central Chile Indiana listing: No special state or federal status code shown."
"DENDROCYGNA_BICOLOR","Fulvous Whistling-Duck","Dendrocygna bicolor","Ducks, Geese, and Swans","No special state or federal status code shown","Ducks, Geese, and Swans. Range: eastern Africa, Madagascar, and southern Asia; disjunctly southern USA to Argentina Indiana listing: No special state or federal status code shown."
"MARECA_STREPERA","Gadwall","Mareca strepera","Ducks, Geese, and Swans","No special state or federal status code shown","Ducks, Geese, and Swans. Range: breeds temperate Holarctic; winters to northern Africa, southern Asia, and southern Mexico; formerly Line Islands, where extinct since c. 1874 Indiana listing: No special state or federal status code shown."
"LARUS_HYPERBOREUS","Glaucous Gull","Larus hyperboreus","Gulls, Terns, and Skimmers","No special state or federal status code shown","Gulls, Terns, and Skimmers. Range: circumpolar breeder on (mostly) high Arctic coasts; winters coasts of Hudson Bay to northeastern Canada, Greenland, Iceland, northwestern Europe (northern North Atlantic); Sea of Okhotsk, Japan, southwestern Alaska, and southwestern Canada; widely vagrant farther south and inland Indiana listing: No special state or federal status code shown."
"PLEGADIS_FALCINELLUS","Glossy Ibis","Plegadis falcinellus","Ibises and Spoonbills","No special state or federal status code shown","Ibises and Spoonbills. Range: locally in eastern North and southern South America, Africa, Eurasia, and southern Asia to Australasia Indiana listing: No special state or federal status code shown."
"AQUILA_CHRYSAETOS","Golden Eagle","Aquila chrysaetos","Kites, Eagles, and Hawks","No special state or federal status code shown","Kites, Eagles, and Hawks. Range: northern British Isles and Scandinavia southward to Iberian Peninsula and northwestern Africa, eastward through Arabian Peninsula, central Asia, and Himalayas to Kamchatka and Korean peninsulas and Japan, and Alaska to west-central Mexico and coastal northeastern USA Indiana listing: No special state or federal status code shown."
"REGULUS_SATRAPA","Golden-crowned Kinglet","Regulus satrapa","Kinglets","No special state or federal status code shown","Kinglets. Range: breeds in mature coniferous and mixed forest from southwestern Alaska and southern Yukon eastwards to Newfoundland (northwestern to northeastern Canada), southwards to southern California and inland to western Colorado and western New Mexico, in east from Great Lakes region and southwards in the Appalachians mountains to northeastern Georgia, and in the volcanic belt of central Mexico and in mountains of southeastern Mexico and southern Guatemala, with isolated breeding populations elsewhere in eastern USA; winters at lower elevations in southern Canada, most USA southwards to far northern Baja California, northeastern Mexico, Gulf coast, and central Florida Indiana listing: No special state or federal status code shown."
"ZONOTRICHIA_ATRICAPILLA","Golden-crowned Sparrow","Zonotrichia atricapilla","Sparrows","No special state or federal status code shown","Sparrows. Range: breeds Alaska and western Canada; winters to Sonora and Baja California Indiana listing: No special state or federal status code shown."
"VERMIVORA_CHRYSOPTERA","Golden-winged Warbler","Vermivora chrysoptera","New World Warblers","Indiana State Endangered","New World Warblers. Range: breeds eastern North America; winters Guatemala to northwestern South America and Greater Antilles Indiana listing: Indiana State Endangered."
"AMMODRAMUS_SAVANNARUM","Grasshopper Sparrow","Ammodramus savannarum","Sparrows","Indiana Special Concern","Sparrows. Range: breeds short-grass prairies, grasslands, and shrubby savanna from southern British Columbia eastwards to southern Quebec and southward in western USA to southern California, and from western Texas eastward to central Florida, and very locally in interior western USA, southern Mexico through central Panama, Jamaica, Hispaniola, and Puerto Rico, and Cura<U+00E7>ao and Bonaire, and in dry montane valleys in central to southern Colombia and (formerly) northern Ecuador; northern populations winter in southern USA southwards to southern Honduras and El Salvador, and Cuba Indiana listing: Indiana Special Concern."
"DUMETELLA_CAROLINENSIS","Gray Catbird","Dumetella carolinensis","Mockingbirds and Thrashers","No special state or federal status code shown","Mockingbirds and Thrashers. Range: breeds southern British Columbia to Gulf States; winters to West Indies and Panama Indiana listing: No special state or federal status code shown."
"TYRANNUS_DOMINICENSIS","Gray Kingbird","Tyrannus dominicensis","Flycatchers","No special state or federal status code shown","Flycatchers. Range: breeds open areas of southeastern USA along eastern Gulf Coast and Florida, throughout Caribbean, including northern Venezuela, Aruba to Bonaire (former Netherlands Antilles), and Trinidad and Tobago; winters in southern Caribbean and northern South America mainly north and west of Amazonia Indiana listing: No special state or federal status code shown."
"CATHARUS_MINIMUS","Gray-cheeked Thrush","Catharus minimus","Thrushes","No special state or federal status code shown","Thrushes. Range: breeds in riparian woodland and thickets, and open woodland with shrubs in Chukotskiy Peninsula and Anadyrland (northeastern Siberia), northern Alaska eastwards to Labrador (eastern Canada), and southwards to central Canada; winters in humid forest of northern Andes and northwestern Amazonia, mainly from western Venezuela southwards to northeastern Peru Indiana listing: No special state or federal status code shown."
"LARUS_MARINUS","Great Black-backed Gull","Larus marinus","Gulls, Terns, and Skimmers","No special state or federal status code shown","Gulls, Terns, and Skimmers. Range: breeds North Atlantic coasts, from southern Greenland and Iceland to Svalbard and Baltic states, and coastal and inland northeastern Canada to Great Lakes and Atlantic coast southward to New Jersey; winters to coastal southwestern Europe and coastal Florida Indiana listing: No special state or federal status code shown."
"ARDEA_HERODIAS","Great Blue Heron","Ardea herodias","Bitterns, Herons, and Egrets","No special state or federal status code shown","Bitterns, Herons, and Egrets. Range: southeastern Alaska and southern Canada to southern Baja California and Central America, Galapagos, and islands off Venezuela Indiana listing: No special state or federal status code shown."
"MYIARCHUS_CRINITUS","Great Crested Flycatcher","Myiarchus crinitus","Flycatchers","No special state or federal status code shown","Flycatchers. Range: breeds southeastern Canada to Gulf States; winters to northwestern South America Indiana listing: No special state or federal status code shown."
"ARDEA_ALBA","Great Egret","Ardea alba","Bitterns, Herons, and Egrets","Indiana Special Concern","Bitterns, Herons, and Egrets. Range: central Europe to central Asia (southward to Iran), sub-Saharan Africa and Madagascar, southern Asia from Pakistan eastward in sub-Himalayan region to southeastern Russia and Japan, southward to Indonesia, Australia (including Tasmania but not western deserts), and New Zealand (very local), and southern Canada to Tierra del Fuego and West Indies Indiana listing: Indiana Special Concern."
"BUBO_VIRGINIANUS","Great Horned Owl","Bubo virginianus","Typical Owls","No special state or federal status code shown","Typical Owls. Range: various forest types from deciduous to coniferous, paramo and puna grassland, swamps and meadows from northern Alaska (US) and northern Canada southward to northern Nicaragua and westernmost Costa Rica; northern Colombia and northern Venezuela eastward to northeastern Brazil, in Amap<U+00E1>, and southward in the Guianan Shield to western Guyana, southern Venezuela and northern Brazil; in the Andes from western Venezuela southward to northern Peru, and in interior Brazil from southern Piau<U+00ED> southwest and southward across Paraguay and Uruguay to north-central Argentina, southward to the provinces of Buenos Aires, C<U+00F3>rdoba and San Luis; also westward to eastern and northern Bolivia and adjacent southeastern Peru Indiana listing: No special state or federal status code shown."
"PITANGUS_SULPHURATUS","Great Kiskadee","Pitangus sulphuratus","Flycatchers","No special state or federal status code shown","Flycatchers. Range: arid forest, humid forest edge, gallery woodland, marshes, degraded land, and towns from southern Sonora and southern Texas southwards along the Pacific and Gulf slopes of Mexico (including the Yucatan Peninsula, Cozumel, and Coiba) to western Venezuela, Trinidad, and northern Colombia westwards to the headwaters of the Rio Cauca and Rio Magdalena, and widespread east of the Andes (except in closed rainforest) southwards to central Argentina (Neuqu<U+00E9>n and Chubut); introduced to Bermuda Indiana listing: No special state or federal status code shown."
"QUISCALUS_MEXICANUS","Great-tailed Grackle","Quiscalus mexicanus","Blackbirds and Orioles","No special state or federal status code shown","Blackbirds and Orioles. Range: varied open habitats, including forest edge, prairies, deserts, mangroves, and cities, from southeastern Oregon eastwards to central Iowa (and expanding northward), and southwards across central and western USA through Mexico (but rare Baja California) and Central America to northern Colombia and western Venezuela, and from western Colombia southwards to northwestern Peru (spreading southward in interior Colombia and to southwestern Ecuador, and also spreading in Greater Antilles) Indiana listing: No special state or federal status code shown."
"AYTHYA_MARILA","Greater Scaup","Aythya marila","Ducks, Geese, and Swans","No special state or federal status code shown","Ducks, Geese, and Swans. Range: breeds subarctic Iceland and Scandinavia to Kamchatka and the Commander Islands (southeastern Russia); Alaska to northern Quebec (eastern Canada); winters to coasts of northwestern and east-central Europe, Black and Caspian seas, eastern China, Korean Peninsula, Japan, and Taiwan; central California, Great Lakes, and North Carolina (southwestern to east-central USA) Indiana listing: No special state or federal status code shown."
"ANSER_ALBIFRONS","Greater White-fronted Goose","Anser albifrons","Ducks, Geese, and Swans","No special state or federal status code shown","Ducks, Geese, and Swans. Range: Holarctic, breeding in southwestern Greenland, northern Russia to Chukotskiy Peninsula, and northern Alaska to west of Hudson Bay; winters to southern Europe, Middle East, eastern China, Korean Peninsula, Japan, and southwestern and southeastern USA and northern Mexico Indiana listing: No special state or federal status code shown."
"TRINGA_MELANOLEUCA","Greater Yellowlegs","Tringa melanoleuca","Sandpipers and Phalaropes","Indiana Special Concern","Sandpipers and Phalaropes. Range: breeds taiga muskeg from southern Alaska eastward through southern tier of Canadian provinces to eastern Labrador (eastern Canada); winters wetlands of southern USA and throughout Caribbean southward to Tierra del Fuego Indiana listing: Indiana Special Concern."
"BUTORIDES_VIRESCENS","Green Heron","Butorides virescens","Bitterns, Herons, and Egrets","No special state or federal status code shown","Bitterns, Herons, and Egrets. Range: southwestern and southeastern Canada to Panama and the Caribbean Indiana listing: No special state or federal status code shown."
"PIPILO_CHLORURUS","Green-tailed Towhee","Pipilo chlorurus","Sparrows","No special state or federal status code shown","Sparrows. Range: breeds highlands of western USA; winters to central Mexico Indiana listing: No special state or federal status code shown."
"ANAS_CRECCA","Green-winged Teal","Anas crecca","Ducks, Geese, and Swans","No special state or federal status code shown","Ducks, Geese, and Swans. Range: breeds Holarctic; winters to Central America and the Caribbean, eastern Africa, and southern Asia Indiana listing: No special state or federal status code shown."
"CROTOPHAGA_SULCIROSTRIS","Groove-billed Ani","Crotophaga sulcirostris","Anis and Cuckoos","No special state or federal status code shown","Anis and Cuckoos. Range: southern Baja California; southern Texas through Central and South America (including Cura<U+00E7>ao and Trinidad) to northern Chile and northern Argentina Indiana listing: No special state or federal status code shown."
"GELOCHELIDON_NILOTICA","Gull-billed Tern","Gelochelidon nilotica","Gulls, Terns, and Skimmers","No special state or federal status code shown","Gulls, Terns, and Skimmers. Range: local yet widespread inland, rivers and lakes from southwestern Europe to northeastern China; coastal China; coastal western North Atlantic, and Caribbean; coastal southern California and Mexico; coastal South America and inland north-central Argentina; winters to subtropical and tropical coasts (including northern Australia), worldwide (except remote islands) Indiana listing: No special state or federal status code shown."
"FALCO_RUSTICOLUS","Gyrfalcon","Falco rusticolus","Falcons and Caracaras","No special state or federal status code shown","Falcons and Caracaras. Range: mountains and tundra of northern Palearctic region and northern North America Indiana listing: No special state or federal status code shown."
"LEUCONOTOPICUS_VILLOSUS","Hairy Woodpecker","Leuconotopicus villosus","Woodpeckers","No special state or federal status code shown","Woodpeckers. Range: mostly forest from central Alaska southward across North America to southern California and northern Baja California del Norte, in Mexico, to southern Arizona and New Mexico, and southward along the Sierra Madre Oriental and Occidental of Mexico southeastward across montane regions of Guatemala, Honduras, El Salvador, Nicaragua and Costa Rica to westernmost Panama; in North America eastward to Newfoundland and southward along the Atlantic Coast to southern Florida and the Bahamas  Indiana listing: No special state or federal status code shown."
"HISTRIONICUS_HISTRIONICUS","Harlequin Duck","Histrionicus histrionicus","Ducks, Geese, and Swans","No special state or federal status code shown","Ducks, Geese, and Swans. Range: breeds eastern Siberia and northern Japan, Alaska southward to Oregon and Wyoming, eastern Canada (southeastern Baffin Island southward to the Gulf of St. Lawrence), Greenland and Iceland; winters coastally from Siberia to Japan and Korea, from Alaska to central California, to the northeastern USA, southern Greenland, and Iceland Indiana listing: No special state or federal status code shown."
"ZONOTRICHIA_QUERULA","Harris's Sparrow","Zonotrichia querula","Sparrows","No special state or federal status code shown","Sparrows. Range: breeds north-central Canada; winters to southern USA Indiana listing: No special state or federal status code shown."
"CENTRONYX_HENSLOWII","Henslow's Sparrow","Centronyx henslowii","Sparrows","Indiana State Endangered","Sparrows. Range: breeds tall grassland with forbs, including coastal marshes, in central and eastern USA from southeastern Minnesota eastward to New York State, and very locally in southern Ontario (southeastern Canada), southwards to northeastern Oklahoma and Maryland; winters in southern USA, from eastern Texas eastwards to southern North Carolina and Florida Indiana listing: Indiana State Endangered."
"CATHARUS_GUTTATUS","Hermit Thrush","Catharus guttatus","Thrushes","No special state or federal status code shown","Thrushes. Range: breeds in varied coniferous, mixed and deciduous forests, and woodland from western Alaska eastwards to southern Labrador (eastern Canada) and northeastern USA, southwards in mountains of western USA to southern California, with an isolated population in northern Baja California (northwestern Mexico), and far southwestern Texas, and in the Appalachian Mountains southwards to North Carolina (local); winters from coastal southwestern Canada southwards to Baja California, across southern half of the USA southwards to to central Guatemala, southern Florida, and the Bahamas (scarce)  Indiana listing: No special state or federal status code shown."
"LARUS_ARGENTATUS","Herring Gull","Larus argentatus","Gulls, Terns, and Skimmers","No special state or federal status code shown","Gulls, Terns, and Skimmers. Range: Range context unavailable in the matched Cornell record. Indiana listing: No special state or federal status code shown."
"ACANTHIS_HORNEMANNI","Hoary Redpoll","Acanthis hornemanni","Finches","No special state or federal status code shown","Finches. Range: Range context unavailable in the matched Cornell record. Indiana listing: No special state or federal status code shown."
"GRUS_MONACHA","Hooded Crane","Grus monacha","Cranes","No special state or federal status code shown","Cranes. Range: breeds Siberia and northwestern Manchuria; winters to eastern China, Korea, and Japan Indiana listing: No special state or federal status code shown."
"LOPHODYTES_CUCULLATUS","Hooded Merganser","Lophodytes cucullatus","Ducks, Geese, and Swans","No special state or federal status code shown","Ducks, Geese, and Swans. Range: breeds southeastern Alaska to northwestern USA, southern Manitoba to Nova Scotia (central and southeastern Canada) southward to eastern Texas and northern Florida; winters to southern California, southern Texas, and southern Florida Indiana listing: No special state or federal status code shown."
"SETOPHAGA_CITRINA","Hooded Warbler","Setophaga citrina","New World Warblers","Indiana Special Concern","New World Warblers. Range: breeds eastern USA; winters Mexico to Panama Indiana listing: Indiana Special Concern."
"PODICEPS_AURITUS","Horned Grebe","Podiceps auritus","Grebes","No special state or federal status code shown","Grebes. Range: breeds Iceland, northern British Isles, and Scandinavia to eastern Russia; southern and central Alaska through western and central Canada, and northern tier of contiguous western and central USA states; winters to coasts of North Sea, northern Mediterranean, and western Asian seas; Korean Peninsula, and Japan; Aleutian Islands to northern Baja California (northwestern Mexico); western North Atlantic and Gulf of Mexico coasts to central Florida Indiana listing: No special state or federal status code shown."
"EREMOPHILA_ALPESTRIS","Horned Lark","Eremophila alpestris","Larks","No special state or federal status code shown","Larks. Range: Holarctic, in Old World from Arctic Circle southward to northern Africa, Iran, and the Himalayas, and eastward to eastern Russia and Inner Mongolia; in New World from Arctic southward to central Mexico, and disjunctly in central Colombia Indiana listing: No special state or federal status code shown."
"HAEMORHOUS_MEXICANUS","House Finch","Haemorhous mexicanus","Finches","Exotic or introduced","Finches. Range: desert scrub, cacti, and grassland, and varied woodland and anthropogenic habitats from southern British Columbia eastwards to Nova Scotia (southwestern to southeastern Canada) southwards in western USA through Mexico to northern Oaxaca and Veracruz, including Baja California and Isla Guadalupe; introduced to Hawaii, and to northeastern USA from whence has spread to southeastern Canada to Florida Indiana listing: Exotic or introduced."
"PASSER_DOMESTICUS","House Sparrow","Passer domesticus","Old World Sparrows","Exotic or introduced","Old World Sparrows. Range: native range extends from British Isles and Scandinavia to northern Africa, eastward through southeastern Siberia and western southeast Asia Indiana listing: Exotic or introduced."
"TROGLODYTES_AEDON","House Wren","Troglodytes aedon","Wrens","No special state or federal status code shown","Wrens. Range: Range context unavailable in the matched Cornell record. Indiana listing: No special state or federal status code shown."
"LIMOSA_HAEMASTICA","Hudsonian Godwit","Limosa haemastica","Sandpipers and Phalaropes","Indiana Special Concern","Sandpipers and Phalaropes. Range: breeds patchily in low Arctic bogs near treeline, in western and south-central Alaska, northern and south-central Northwest Territories, and southwestern Hudson Bay (northwestern to east-central Canada); winters mainly to temperate coastal wetlands, where highly localized, in northern Peru to southern Chile and southern Brazil to southern Argentina Indiana listing: Indiana Special Concern."
"LARUS_GLAUCOIDES","Iceland Gull","Larus glaucoides","Gulls, Terns, and Skimmers","No special state or federal status code shown","Gulls, Terns, and Skimmers. Range: breeds on rocky cliffs of Arctic northeastern Canada to Greenland; winters coastal Iceland to northwestern Europe; Labrador to west-central North Atlantic coast; and east-central North Pacific coast Indiana listing: No special state or federal status code shown."
"PASSERINA_CYANEA","Indigo Bunting","Passerina cyanea","Tanagers, Cardinals, and Grosbeaks","No special state or federal status code shown","Tanagers, Cardinals, and Grosbeaks. Range: breeds Canada and USA; winters to Greater Antilles, Colombia, and Venezuela Indiana listing: No special state or federal status code shown."
"LARUS_DOMINICANUS","Kelp Gull","Larus dominicanus","Gulls, Terns, and Skimmers","No special state or federal status code shown","Gulls, Terns, and Skimmers. Range: breeds coasts and islets of southern continents and islands, mostly in temperate to Antarctic waters, in Africa from Namibia around Cape through northeastern South Africa, and southern Madagascar; in Australia including Tasmania, and New Zealand and associated islands; in South America from northern Peru and southern Brazil south to Tierra del Fuego; and in subantarctic and Antarctic islands; some winter farther north Indiana listing: No special state or federal status code shown."
"GEOTHLYPIS_FORMOSA","Kentucky Warbler","Geothlypis formosa","New World Warblers","No special state or federal status code shown","New World Warblers. Range: breeds eastern USA; winters Mexico to northwestern South America Indiana listing: No special state or federal status code shown."
"CHARADRIUS_VOCIFERUS","Killdeer","Charadrius vociferus","Plovers","No special state or federal status code shown","Plovers. Range: breeds inland subarctic North America to central Mexico, Caribbean; locally coastal southwestern Central America, and coastal Ecuador to far northwestern Chile; winters to northern South America Indiana listing: No special state or federal status code shown."
"SOMATERIA_SPECTABILIS","King Eider","Somateria spectabilis","Ducks, Geese, and Swans","No special state or federal status code shown","Ducks, Geese, and Swans. Range: breeds coastal northern and central Greenland, Svalbard (north of Norway), Russia from east of the White Sea to Chukotka (northeastern Russia); Arctic Coastal Plain of Alaska, northern slope of Canada and associated arctic islands; winters to Kamchatka (southeastern Russia) and Aleutian Islands, Newfoundland (southeastern Canada), southern Greenland, Iceland, and northern Norway Indiana listing: No special state or federal status code shown."
"RALLUS_ELEGANS","King Rail","Rallus elegans","Rails, Gallinules, and Coots","Indiana State Endangered","Rails, Gallinules, and Coots. Range: tidal, brackish and non-tidal marshes, swamps and rice fields in the Gulf of Mexico coast of the US southward seasonally and locally along the coast of Mexico to southern Veracruz; in the Atlantic coast from northeastern US southward to southern Florida and Cuba; also breeds locally northward to north-central US and southernmost Canada Indiana listing: Indiana State Endangered."
"SETOPHAGA_KIRTLANDII","Kirtland's Warbler","Setophaga kirtlandii","New World Warblers","Indiana State Endangered","New World Warblers. Range: breeds in young jack-pine mainly in northern Lower Peninsula of Michigan; winters in low scrub mainly in outer Bahamas Indiana listing: Indiana State Endangered."
"CALCARIUS_LAPPONICUS","Lapland Longspur","Calcarius lapponicus","Longspurs and Snow Buntings","No special state or federal status code shown","Longspurs and Snow Buntings. Range: Holarctic, breeding Greenland and Scandinavia to northeastern Siberia, including High Arctic islands, southward to Kamchatka, and Aleutian Islands, Alaska, and northern Canadian arctic eastward to Ellesmere Island; winters to central Eurasia and central USA Indiana listing: No special state or federal status code shown."
"CALAMOSPIZA_MELANOCORYS","Lark Bunting","Calamospiza melanocorys","Sparrows","No special state or federal status code shown","Sparrows. Range: breeds western Canada and western USA; winters to northern Mexico Indiana listing: No special state or federal status code shown."
"CHONDESTES_GRAMMACUS","Lark Sparrow","Chondestes grammacus","Sparrows","No special state or federal status code shown","Sparrows. Range: breeds shrub-steppe, prairie, and woodland-grassland ecotones from southern British Columbia eastward to southern Manitoba (interior southwestern to south-central Canada) southwards across interior western and central USA to southern California, and Zacatecas and San Luis Potosi (north-central Mexico), and eastwards to western Indiana and Arkansas, irregularly farther east; winters from southern USA southwards to southern Baja California and to southeastern Oaxaca (southern Mexico) Indiana listing: No special state or federal status code shown."
"LEUCOPHAEUS_ATRICILLA","Laughing Gull","Leucophaeus atricilla","Gulls, Terns, and Skimmers","No special state or federal status code shown","Gulls, Terns, and Skimmers. Range: breeds on flat islands off western North Atlantic coast of Maine to Florida and the Gulf of Mexico to southern Texas; Gulf of California to Colima (western Mexico); Caribbean, islands off Yucatan Peninsula, and islands north of Venezuela, Trinidad and Tobago, and to French Guiana; winters coastally to northern Peru and northeastern Brazil Indiana listing: No special state or federal status code shown."
"PASSERINA_AMOENA","Lazuli Bunting","Passerina amoena","Tanagers, Cardinals, and Grosbeaks","No special state or federal status code shown","Tanagers, Cardinals, and Grosbeaks. Range: breeds southern British Columbia to northwestern Baja California and western Texas; winters in Mexico Indiana listing: No special state or federal status code shown."
"AMMOSPIZA_LECONTEII","Le Conte's Sparrow","Ammospiza leconteii","Sparrows","No special state or federal status code shown","Sparrows. Range: Range context unavailable in the matched Cornell record. Indiana listing: No special state or federal status code shown."
"BOTAURUS_EXILIS","Least Bittern","Botaurus exilis","Bitterns, Herons, and Egrets","Indiana State Endangered","Bitterns, Herons, and Egrets. Range: southern Canada to the West Indies, west-central Peru, the Guianas, southeastern Brazil, and Paraguay Indiana listing: Indiana State Endangered."
"EMPIDONAX_MINIMUS","Least Flycatcher","Empidonax minimus","Flycatchers","No special state or federal status code shown","Flycatchers. Range: breeds Canada and USA; winters northern Mexico to Panama Indiana listing: No special state or federal status code shown."
"CALIDRIS_MINUTILLA","Least Sandpiper","Calidris minutilla","Sandpipers and Phalaropes","No special state or federal status code shown","Sandpipers and Phalaropes. Range: breeds tundra and taiga wetlands from eastern Aleutian Is through Alaska and Canada eastward to Labrador and Nova Scotia; winters mudflats and wetlands from southeastern USA, Caribbean, and Mexico southward to northern South America Indiana listing: No special state or federal status code shown."
"STERNULA_ANTILLARUM","Least Tern","Sternula antillarum","Gulls, Terns, and Skimmers","Indiana State Endangered","Gulls, Terns, and Skimmers. Range: Great Plains to Texas and northern Louisiana; central California and Gulf of California coasts to Oaxaca (western Mexico), El Salvador, and Nicaragua; western North Atlantic coast from Maine to Florida, Gulf of Mexico, and Caribbean Sea from Bahamas to Lesser Antilles, islands off Yucatan Peninsula, Belize, and northern Honduras, and islands north of Venezuela; winters to coasts of northern South America Indiana listing: Indiana State Endangered."
"LARUS_FUSCUS","Lesser Black-backed Gull","Larus fuscus","Gulls, Terns, and Skimmers","No special state or federal status code shown","Gulls, Terns, and Skimmers. Range: breeds from Greenland, Iceland, and western Europe to central Asia and north-central Siberia; winters mostly coastally to southwestern Europe, Africa (except southwestern and southern), India, and Sri Lanka, and eastern North America Indiana listing: No special state or federal status code shown."
"CHARADRIUS_MONGOLUS","Lesser Sand-Plover","Charadrius mongolus","Plovers","No special state or federal status code shown","Plovers. Range: Range context unavailable in the matched Cornell record. Indiana listing: No special state or federal status code shown."
"AYTHYA_AFFINIS","Lesser Scaup","Aythya affinis","Ducks, Geese, and Swans","No special state or federal status code shown","Ducks, Geese, and Swans. Range: breeds North America from northern Alaska and western Canada southward through northern California, southern Colorado, and Minnesota (USA); winters to Hawaiian Islands, the Caribbean, and northern South America Indiana listing: No special state or federal status code shown."
"TRINGA_FLAVIPES","Lesser Yellowlegs","Tringa flavipes","Sandpipers and Phalaropes","No special state or federal status code shown","Sandpipers and Phalaropes. Range: breeds subarctic tundra to forest from Alaska mainland eastward to James Bay and probably central Quebec (east-central Canada); winters southern USA throughout Caribbean southward to Tierra del Fuego Indiana listing: No special state or federal status code shown."
"MELOSPIZA_LINCOLNII","Lincoln's Sparrow","Melospiza lincolnii","Sparrows","No special state or federal status code shown","Sparrows. Range: breeds in boggy woodland and willows from western Alaska to Newfoundland (northeastern Canada), southwards through mountains of western USA to southern California and northern New Mexico, and southwards in eastern Canada to northern Michigan, Wisconsin and Minnesota; winters in shrubby woodland along the Pacific coast of the USA southward to Baja California and from the southern USA across most of Mexico (rare on Yucatan Peninsula), southeastwards to southeastern Honduras Indiana listing: No special state or federal status code shown."
"EGRETTA_CAERULEA","Little Blue Heron","Egretta caerulea","Bitterns, Herons, and Egrets","No special state or federal status code shown","Bitterns, Herons, and Egrets. Range: USA to southern Brazil, Uruguay, and West Indies Indiana listing: No special state or federal status code shown."
"HYDROCOLOEUS_MINUTUS","Little Gull","Hydrocoloeus minutus","Gulls, Terns, and Skimmers","No special state or federal status code shown","Gulls, Terns, and Skimmers. Range: breeds Baltic region eastward to Sea of Okhotsk and southward to northern Kazakhstan and northeastern China, also rarely Great Lakes, Hudson and James bays (east-central Canada); winters North Atlantic coasts and North, Mediterranean, Baltic, Black, and Caspian seas Indiana listing: No special state or federal status code shown."
"LANIUS_LUDOVICIANUS","Loggerhead Shrike","Lanius ludovicianus","Shrikes","Indiana State Endangered","Shrikes. Range: breeds in varied open habitats with bushy vegetation from eastern Washington and Alberta eastwards to southwestern Manitoba (south-central Canada), southwards to southern Baja California and Oaxaca (western Mexico), including islands off southern California, and locally in southeastern USA to the Gulf coast and southern Florida; populations from southern USA southwards are resident, and reaches southeastern Mexico in winter; formerly much more widespread in eastern North America Indiana listing: Indiana State Endangered."
"NUMENIUS_AMERICANUS","Long-billed Curlew","Numenius americanus","Sandpipers and Phalaropes","No special state or federal status code shown","Sandpipers and Phalaropes. Range: breeds inland grassland from southern British Columbia eastward to southwestern Saskatchewan (southwestern Canada) southward to northeastern California and northeastern New Mexico (southwestern USA); winters to coastal and inland California, and Gulf Coast to central Panama and western Yucatan Peninsula Indiana listing: No special state or federal status code shown."
"LIMNODROMUS_SCOLOPACEUS","Long-billed Dowitcher","Limnodromus scolopaceus","Sandpipers and Phalaropes","No special state or federal status code shown","Sandpipers and Phalaropes. Range: breeds wet meadows from Lena River through northeastern Siberia, St. Lawrence Island (Bering Sea; rare), western Alaska and northern Northwest Territories (north-central Canada); winters inland from the southern US through Mexico, along the Pacific coast from the Pacific Northwest south to northwestern Costa Rica, and along the Atlantic and Gulf coasts from the mid-Atlantic south to the Yucatan Peninsula Indiana listing: No special state or federal status code shown."
"BRACHYRAMPHUS_PERDIX","Long-billed Murrelet","Brachyramphus perdix","Murres and Murrelets","No special state or federal status code shown","Murres and Murrelets. Range: breeds coastal strip up to 30 km inland in Kamchatka, Sea of Okhotsk, Sakhalin (eastern Russia), and northern Hokkaido (northern Japan); winters to coastal central Japan; prone to long-distance vagrancy to continental USA Indiana listing: No special state or federal status code shown."
"ASIO_OTUS","Long-eared Owl","Asio otus","Typical Owls","Indiana Special Concern","Typical Owls. Range: Holarctic, in Europe, North Africa, and temperate Asia, and southern Canada to northwestern Baja California and northern Mexico (Nuevo Le<U+00F3>n) Indiana listing: Indiana Special Concern."
"CLANGULA_HYEMALIS","Long-tailed Duck","Clangula hyemalis","Ducks, Geese, and Swans","No special state or federal status code shown","Ducks, Geese, and Swans. Range: breeds coastal Greenland (except northern), Iceland, northern Fennoscandia, northern Russia to Chukotka Peninsula, Alaska and northern Canada; winters mostly in coastal bays of northwestern Europe, Japan and Korean Peninsula, and Aleutian Islands to southwestern Canada Indiana listing: No special state or federal status code shown."
"STERCORARIUS_LONGICAUDUS","Long-tailed Jaeger","Stercorarius longicaudus","Jaegers","No special state or federal status code shown","Jaegers. Range: breeds Holarctic high and low Arctic tundra, locally in subarctic, from northwestern and southeastern Greenland, Arctic northern Scandinavia to northeastern Siberia and Kamchatka (eastern Russia); Arctic, western, and southern Alaska through Arctic Canada to Ellesmere and Baffin islands; in winter highly pelagic and mostly occurs southerly, to offshore subantarctic and subtropical waters off Africa, Madagascar, southern Australia, Peru, Chile, and east-central Argentina Indiana listing: No special state or federal status code shown."
"PARKESIA_MOTACILLA","Louisiana Waterthrush","Parkesia motacilla","New World Warblers","No special state or federal status code shown","New World Warblers. Range: breeds eastern USA; winters southern Florida to northwestern South America and West Indies Indiana listing: No special state or federal status code shown."
"FREGATA_MAGNIFICENS","Magnificent Frigatebird","Fregata magnificens","Frigatebirds","No special state or federal status code shown","Frigatebirds. Range: breeds Cape Verde Islands (where almost extirpated), islands from southern Baja California (northwestern Mexico) to Ecuador including Galapagos, and eastern Mexico and far southern Florida through Caribbean to northeastern Brazil; ranges to coastal northern Baja California, Gulf of California, and southward to northern Peru, and to northern Florida and Gulf of Mexico Indiana listing: No special state or federal status code shown."
"SETOPHAGA_MAGNOLIA","Magnolia Warbler","Setophaga magnolia","New World Warblers","No special state or federal status code shown","New World Warblers. Range: breeds eastern North America; winters to Panama and West Indies Indiana listing: No special state or federal status code shown."
"ANAS_PLATYRHYNCHOS","Mallard","Anas platyrhynchos","Ducks, Geese, and Swans","No special state or federal status code shown","Ducks, Geese, and Swans. Range: breeds Holarctic; winters to southern USA and southern Asia Indiana listing: No special state or federal status code shown."
"LIMOSA_FEDOA","Marbled Godwit","Limosa fedoa","Sandpipers and Phalaropes","No special state or federal status code shown","Sandpipers and Phalaropes. Range: breeds subarctic to temperate grassland disjunctly in central Alaska Peninsula; south-central Canada to north-central USA; and west James Bay area (northern Ontario, east-central Canada); winters coastal USA from Washington to central Panama and New Jersey to Yucatan Peninsula Indiana listing: No special state or federal status code shown."
"CISTOTHORUS_PALUSTRIS","Marsh Wren","Cistothorus palustris","Wrens","Indiana State Endangered","Wrens. Range: breeds in coastal to freshwater marshes disjunctly from southwestern and northeastern British Columbia eastward to southwestern Quebec, and southward to southern California, northern Kansas, and along Atlantic US coast southward to southeastern Georgia, along Gulf coast, and Hidalgo southwards to Puebla (south-central Mexico); largely resident in coastal USA, more northerly interior populations winter southwards to southern Baja California, Oaxaca (southern Mexico), and southern Florida  Indiana listing: Indiana State Endangered."
"RHYNCHOPHANES_MCCOWNII","McCown's Longspur","Rhynchophanes mccownii","Longspurs and Snow Buntings","No special state or federal status code shown","Longspurs and Snow Buntings. Range: Range context unavailable in the matched Cornell record. Indiana listing: No special state or federal status code shown."
"FALCO_COLUMBARIUS","Merlin","Falco columbarius","Falcons and Caracaras","No special state or federal status code shown","Falcons and Caracaras. Range: breeds Holarctic, from Iceland and Faroe Islands to Sakhalin, and mountains and steppes of central Asia, and northern North America southward to northern tier of US states; winters to northern Africa, tropical Asia, and northern South America Indiana listing: No special state or federal status code shown."
"LARUS_CANUS","Mew Gull","Larus canus","Gulls, Terns, and Skimmers","No special state or federal status code shown","Gulls, Terns, and Skimmers. Range: Range context unavailable in the matched Cornell record. Indiana listing: No special state or federal status code shown."
"COLIBRI_THALASSINUS","Mexican Violetear","Colibri thalassinus","Hummingbirds","No special state or federal status code shown","Hummingbirds. Range: open mountain slopes of southern Mexico to north-central Nicaragua Indiana listing: No special state or federal status code shown."
"ICTINIA_MISSISSIPPIENSIS","Mississippi Kite","Ictinia mississippiensis","Kites, Eagles, and Hawks","Indiana Special Concern","Kites, Eagles, and Hawks. Range: breeds southern USA (Arizona to Florida); winters in South America Indiana listing: Indiana Special Concern."
"MYIOPSITTA_MONACHUS","Monk Parakeet","Myiopsitta monachus","Parakeets","Exotic or introduced","Parakeets. Range: semi-arid savanna with scattered trees and various grassland habitats in the cerrado from south-central Brazil, in southern Mato Grosso southward to southern Mato Grosso do Sul, Paran<U+00E1> and southern Rio Grande do Sul and southward across Uruguay to central-eastern Argentina, to the provinces of Rio Negro and Chubut; also west to Paraguay, and eastern Bolivia Indiana listing: Exotic or introduced."
"ANAS_FULVIGULA","Mottled Duck","Anas fulvigula","Ducks, Geese, and Swans","No special state or federal status code shown","Ducks, Geese, and Swans. Range: Gulf coast from Texas to Florida in USA, and Tamaulipas in northeastern Mexico Indiana listing: No special state or federal status code shown."
"SIALIA_CURRUCOIDES","Mountain Bluebird","Sialia currucoides","Thrushes","No special state or federal status code shown","Thrushes. Range: breeds western North America (Alaska to central Mexico); winters to Baja California Indiana listing: No special state or federal status code shown."
"ANARHYNCHUS_MONTANUS","Mountain Plover","Anarhynchus montanus","Plovers","No special state or federal status code shown","Plovers. Range: breeds locally Great Plains of southwestern Canada to northeastern Utah and western Texas (southwestern USA); winters to inland central California, southern Arizona to southern Texas, and northern Baja California (northwestern Mexico) Indiana listing: No special state or federal status code shown."
"ZENAIDA_MACROURA","Mourning Dove","Zenaida macroura","Pigeons and Doves","No special state or federal status code shown","Pigeons and Doves. Range: southern Canada through the USA and Greater Antilles southward to western Panama Indiana listing: No special state or federal status code shown."
"GEOTHLYPIS_PHILADELPHIA","Mourning Warbler","Geothlypis philadelphia","New World Warblers","No special state or federal status code shown","New World Warblers. Range: breeds southeastern Canada and northeastern USA; winters Nicaragua to northwestern South America Indiana listing: No special state or federal status code shown."
"CYGNUS_OLOR","Mute Swan","Cygnus olor","Ducks, Geese, and Swans","Exotic or introduced","Ducks, Geese, and Swans. Range: west-central to east-central Palearctic region from central Europe to southeastern China; partially migratory southward; introduced widely including to western and southwestern Europe, Japan, southwestern Australia, and eastern North America Indiana listing: Exotic or introduced."
"LEIOTHLYPIS_RUFICAPILLA","Nashville Warbler","Leiothlypis ruficapilla","New World Warblers","No special state or federal status code shown","New World Warblers. Range: breeds disjunctly in deciduous and secondary forest in southern British Columbia (southwestern Canada) and northwestern USA southward to central California, and from Saskatchewan eastwards to Nova Scotia (central to eastern Canada), and in the northeastern USA from northern Minnesota eastwards to the Atlantic coast southwards to Maryland, and in the Appalachians southwards to West Virginia; winters southern California and southernmost Texas through northern and central Mexico, and more rarely to Honduras Indiana listing: No special state or federal status code shown."
"AMMOSPIZA_NELSONI","Nelson's Sparrow","Ammospiza nelsoni","Sparrows","No special state or federal status code shown","Sparrows. Range: breeds in freshwater marshes, sedge bogs, wet grassland, and tidal wetlands of north-central Canada, from southern Northwest Territories southwards to far northeastern South Dakota and western Minnesota, on the southern coast of Hudson Bay (east-central Canada), and on the Atlantic coast from the Gulf of Saint Lawrence (eastern Quebec) southwards to coastal Massachusetts (northeastern USA); winters on the Atlantic coast of USA from Delaware southwards to southern Florida and the Gulf coast to eastern Texas Indiana listing: No special state or federal status code shown."
"NANNOPTERUM_BRASILIANUM","Neotropic Cormorant","Nannopterum brasilianum","Cormorants","No special state or federal status code shown","Cormorants. Range: widespread inland and coastal central and southern USA (where range expanding northward) to Tierra del Fuego; Bahamas and Cuba Indiana listing: No special state or federal status code shown."
"COLINUS_VIRGINIANUS","Northern Bobwhite","Colinus virginianus","Quail","Indiana Special Concern","Quail. Range: eastern USA to western Guatemala Indiana listing: Indiana Special Concern."
"CARDINALIS_CARDINALIS","Northern Cardinal","Cardinalis cardinalis","Tanagers, Cardinals, and Grosbeaks","No special state or federal status code shown","Tanagers, Cardinals, and Grosbeaks. Range: eastern USA and southeastern Canada, and southwestern USA and Mexico through the Yucatan Peninsula, including Belize and Pet<U+00E9>n of northern Guatemala Indiana listing: No special state or federal status code shown."
"COLAPTES_AURATUS","Northern Flicker","Colaptes auratus","Woodpeckers","No special state or federal status code shown","Woodpeckers. Range: various habitats with standing trees and open ground from western Alaska eastward across Canada to Newfoundland, and southward across most US to southern California, northern Baja California (Mexico), southwestern Texas, the Gulf of Mexico coast and southern Florida; in Mexico southward along the Sierra Madre Occidental and Oriental to northern Michoacan, northern Oaxaca, and in mountains of Guerrero to southern Oaxaca; also in Cuba and Grand Cayman Island Indiana listing: No special state or federal status code shown."
"MORUS_BASSANUS","Northern Gannet","Morus bassanus","Boobies and Gannets","No special state or federal status code shown","Boobies and Gannets. Range: breeds North Atlantic coasts from Iceland through Norway and France, and Newfoundland (southeastern Canada); ranges southward on coasts to western Mediterranean and northwestern Africa, and to Florida and northern Gulf of Mexico Indiana listing: No special state or federal status code shown."
"ACCIPITER_GENTILIS","Northern Goshawk","Accipiter gentilis","Kites, Eagles, and Hawks","No special state or federal status code shown","Kites, Eagles, and Hawks. Range: Range context unavailable in the matched Cornell record. Indiana listing: No special state or federal status code shown."
"CIRCUS_HUDSONIUS","Northern Harrier","Circus hudsonius","Kites, Eagles, and Hawks","Indiana State Endangered","Kites, Eagles, and Hawks. Range: breeds North America; winters to northern South America Indiana listing: Indiana State Endangered."
"MIMUS_POLYGLOTTOS","Northern Mockingbird","Mimus polyglottos","Mockingbirds and Thrashers","No special state or federal status code shown","Mockingbirds and Thrashers. Range: open shrubby habitats and woodland including urban areas from southernmost Canada (rare) southwards across most USA (but rare in north-central USA) to southern Florida, southern Baja California and most Mexico (including western islands) southwards to northern Oaxaca, and the Greater Antilles eastwards to the Virgin Islands; introduced to Hawaii; range expanding northwards Indiana listing: No special state or federal status code shown."
"SETOPHAGA_AMERICANA","Northern Parula","Setophaga americana","New World Warblers","No special state or federal status code shown","New World Warblers. Range: breeds eastern North America (southern Canada to southern USA); winters to Nicaragua and West Indies Indiana listing: No special state or federal status code shown."
"ANAS_ACUTA","Northern Pintail","Anas acuta","Ducks, Geese, and Swans","No special state or federal status code shown","Ducks, Geese, and Swans. Range: breeds Palearctic from Iceland and northern Scandinavia eastwards to northeastern Russia, and southwards to central Europe to southeastern Russia, and North America from northern Alaska and arctic Canada southwards to north-central USA; winters to central Africa, southern Asia, southern Central America, and the Caribbean Indiana listing: No special state or federal status code shown."
"STELGIDOPTERYX_SERRIPENNIS","Northern Rough-winged Swallow","Stelgidopteryx serripennis","Martins and Swallows","No special state or federal status code shown","Martins and Swallows. Range: breeds in open areas, often near water and rocky outcrops, gorges, and embankments, from southeastern Alaska and western British Columbia eastwards to southern New Brunswick (southwestern to southeastern Canada) and southwards to northern Baja California, Pacific and Atlantic slopes of Mexico, southern Mexico (including Yucatan Peninsula) to central Costa Rica, Gulf coast, and southern Florida; populations from Canada and USA winter in the Greater Antilles more widely and Mexico to central Panama Indiana listing: No special state or federal status code shown."
"AEGOLIUS_ACADICUS","Northern Saw-whet Owl","Aegolius acadicus","Typical Owls","No special state or federal status code shown","Typical Owls. Range: various montane forest and woodland from southern Alaska eastward across Canada to Nova Scotia, southward in western US to southern California and along the Rocky Mountains southward to southern Arizona, southern New Mexico and adjacent Texas, and in Mexico southward along the Sierra Madre Occidental to the volcanic belt in northern Michoacan and in the Sierra Madre Oriental in southern Coahuila and adjacent Nuevo Le<U+00F3>n and San Luis Potosi, and from southern San Luis Potosi southeastward to northern Oaxaca; in northeastern US southward to northern Illinois, Indiana, Ohio, Pennsylvania and New Jersey, and south along the Appalachian Mountains to eastern Tennessee; winters at lower elevations across most US Indiana listing: No special state or federal status code shown."
"SPATULA_CLYPEATA","Northern Shoveler","Spatula clypeata","Ducks, Geese, and Swans","No special state or federal status code shown","Ducks, Geese, and Swans. Range: breeds Holarctic (except Arctic); winters through eastern Africa, southern and southeastern Asia, the Philippines, the Caribbean, and Central America Indiana listing: No special state or federal status code shown."
"LANIUS_BOREALIS","Northern Shrike","Lanius borealis","Shrikes","No special state or federal status code shown","Shrikes. Range: breeds central to eastern Siberia, southward to northwestern China and northwestern Mongolia to Sakhalin and Kuril Islands, and breeds Alaska and northern Canada, southward to far northern British Columbia and Alberta, northern Ontario and Quebec; winters southern Canada and northern USA Indiana listing: No special state or federal status code shown."
"PARKESIA_NOVEBORACENSIS","Northern Waterthrush","Parkesia noveboracensis","New World Warblers","No special state or federal status code shown","New World Warblers. Range: breeds northern North America; winters to West Indies and northern South America Indiana listing: No special state or federal status code shown."
"OENANTHE_OENANTHE","Northern Wheatear","Oenanthe oenanthe","Old World Flycatchers","No special state or federal status code shown","Old World Flycatchers. Range: breeds British Isles to Mediterranean and eastward to Siberia, Alaska, and northwestern Canada (Yukon), southern Spain and Balearic Islands to Iran, Kazakhstan, and Mongolia, and breeds northeastern Canada to Greenland and Iceland; winters to western and central Africa Indiana listing: No special state or federal status code shown."
"CONTOPUS_COOPERI","Olive-sided Flycatcher","Contopus cooperi","Flycatchers","No special state or federal status code shown","Flycatchers. Range: breeds temperate North America; winters southward to Bolivia Indiana listing: No special state or federal status code shown."
"LEIOTHLYPIS_CELATA","Orange-crowned Warbler","Leiothlypis celata","New World Warblers","No special state or federal status code shown","New World Warblers. Range: breeds in shrub and woodland from Alaska eastwards to Newfoundland (eastern Canada) and southwards through most of the western USA to northern Baja California and New Mexico; winters on Pacific coast of USA and southern USA throughout Mexico (rarer in the Yucatan Peninsula) except the far south Indiana listing: No special state or federal status code shown."
"ICTERUS_SPURIUS","Orchard Oriole","Icterus spurius","Blackbirds and Orioles","No special state or federal status code shown","Blackbirds and Orioles. Range: breeds in open woodland, orchards, hedgerows, shrubby second growth, and riparian forest from southern Saskatchewan and Manitoba (south-central Canada) eastwards to southern New England, southwards across central to eastern USA to the Gulf coast and southwards through central Mexico to the volcanic belt; resident on the Gulf coast from southern Tamaulipas to Tabasco (southeastern Mexico); winters from Sinaloa (western Mexico) southwards across most Central America, including the Yucatan Peninsula, to western Venezuela and northern Colombia southwards to the south-central Colombian Andes Indiana listing: No special state or federal status code shown."
"PANDION_HALIAETUS","Osprey","Pandion haliaetus","Osprey","Indiana Special Concern","Osprey. Range: breeds Palearctic, Sulawesi and Java to New Guinea, coastal Australia (except Tasmania), New Caledonia, Canada to southern USA, and Caribbean; northern populations winter to South Africa, India, Philippines, and South America southward to Peru and Brazil Indiana listing: Indiana Special Concern."
"SEIURUS_AUROCAPILLA","Ovenbird","Seiurus aurocapilla","New World Warblers","No special state or federal status code shown","New World Warblers. Range: breeds deciduous and coniferous forest from southern Northwestern Territories and northeastern British Columbia eastwards to Newfoundland and Labrador (western to eastern Canada), and from Colorado to northern Georgia (central to southeastern USA); winters from southern Florida, the Caribbean, Mexico (mostly eastern, including the Yucatan Peninsula) through Central America to eastern Panama, and scarcer in the lowlands of northern Colombia Indiana listing: No special state or federal status code shown."
"GAVIA_PACIFICA","Pacific Loon","Gavia pacifica","Loons","No special state or federal status code shown","Loons. Range: breeds coastal eastern Siberia and northern North America eastward through northern Canada to Baffin Island and James Bay (eastern Canada); winters to Japan and southern Baja California Indiana listing: No special state or federal status code shown."
"PASSERINA_CIRIS","Painted Bunting","Passerina ciris","Tanagers, Cardinals, and Grosbeaks","No special state or federal status code shown","Tanagers, Cardinals, and Grosbeaks. Range: breeds southern USA and northern Mexico; winters to Bahamas, Cuba, Jamaica, Yucatan Peninsula, and western Panama Indiana listing: No special state or federal status code shown."
"SETOPHAGA_PALMARUM","Palm Warbler","Setophaga palmarum","New World Warblers","No special state or federal status code shown","New World Warblers. Range: breeds areas with scattered trees from the Northwestern Territories eastwards to Newfoundland and Nova Scotia (western to eastern Canada) and in the northeastern USA around the Great Lakes and northern Maine; winters mostly on the Atlantic coast from Maryland southwards to southern Florida and along the Gulf coast to southern Texas, in the Caribbean in the Greater Antilles and on the Caribbean coast from Yucatan Peninsula to central Panama, and in Bermuda Indiana listing: No special state or federal status code shown."
"STERCORARIUS_PARASITICUS","Parasitic Jaeger","Stercorarius parasiticus","Jaegers","No special state or federal status code shown","Jaegers. Range: breeds mostly low Arctic tundra from Greenland, Iceland, and Scotland eastward to northeastern Siberia and Kamchatka, Aleutian and Bering Sea islands, through Alaska to east-central Arctic Canada (except northern high Arctic islands); winters to coastal waters of Africa, Persian Gulf, western India and Sri Lanka, eastward to Australasia, and Peru, Chile, and east-central Argentina Indiana listing: No special state or federal status code shown."
"CALIDRIS_MELANOTOS","Pectoral Sandpiper","Calidris melanotos","Sandpipers and Phalaropes","No special state or federal status code shown","Sandpipers and Phalaropes. Range: breeds wet tundra from Yamal Peninsula eastward to Chukotskiy Peninsula (northwestern to eastern Siberia), including New Siberian and Wrangel islands, also western and northern Alaska eastward through northeastern Canada, including Arctic islands; winters wet grassland and wetland edge mainly to Peru, Bolivia, and southern Brazil southward to Tierra del Fuego; prone to extreme vagrancy Indiana listing: No special state or federal status code shown."
"FALCO_PEREGRINUS","Peregrine Falcon","Falco peregrinus","Falcons and Caracaras","Indiana Special Concern","Falcons and Caracaras. Range: global across open habitats, lowland to montane, on all wooded continents, and many offshore islands; most northern populations migrate southward in winter; breeding absent in Amazon Basin, Sahara Desert, and most steppes of central and eastern Asia Indiana listing: Indiana Special Concern."
"VIREO_PHILADELPHICUS","Philadelphia Vireo","Vireo philadelphicus","Vireos","No special state or federal status code shown","Vireos. Range: breeds eastern North America; winters to northern Colombia Indiana listing: No special state or federal status code shown."
"PODILYMBUS_PODICEPS","Pied-billed Grebe","Podilymbus podiceps","Grebes","No special state or federal status code shown","Grebes. Range: breeds northwestern Canada through USA, Caribbean, Mexico, Central and South America to central Chile and northern and west-central Argentina; winters to western and south-central USA Indiana listing: No special state or federal status code shown."
"DRYOCOPUS_PILEATUS","Pileated Woodpecker","Dryocopus pileatus","Woodpeckers","No special state or federal status code shown","Woodpeckers. Range: coniferous and deciduous forest from western Canada southward along the Cascade Range and Sierra Nevada to central California, USA, and along the Rocky Mountains to northern Idaho and western Montana, eastward across central Canada to Nova Scotia and New Brunswick, southward in central Canada and USA, west of the Great Lakes, to eastern Texas and the Gulf of Mexico coast, and southward along the Atlantic coast to southern Florida Indiana listing: No special state or federal status code shown."
"PINICOLA_ENUCLEATOR","Pine Grosbeak","Pinicola enucleator","Finches","No special state or federal status code shown","Finches. Range: Scandinavia through Kamchatka, Sakhalin, and Kuril Islands (eastern Russia) and Hokkaido (northern Japan); western Alaska through eastern Canada, and high montane western North America to California and New Mexico Indiana listing: No special state or federal status code shown."
"SPINUS_PINUS","Pine Siskin","Spinus pinus","Finches","No special state or federal status code shown","Finches. Range: breeds open coniferous forest, mixed coniferous-deciduous forest, and woodland from southern Alaska eastwards to Newfoundland and Labrador (northeastern Canada), southwards in western USA to mountains in northern Baja California (northwestern Mexico), throughout mountains of western and central USA and Mexico southwards to western Guatemala, and northeastern USA (Minnesota to Maine); winters irregularly across the Great Plains and eastern USA southwards to central Mexico Indiana listing: No special state or federal status code shown."
"SETOPHAGA_PINUS","Pine Warbler","Setophaga pinus","New World Warblers","No special state or federal status code shown","New World Warblers. Range: breeds in pine forest from south-central and eastern Canada southwards to southeastern USA; resident locally in Florida, western Bahamas, and the highlands of Hispaniola; winters in southeastern USA to far northeastern Mexico Indiana listing: No special state or federal status code shown."
"CHARADRIUS_MELODUS","Piping Plover","Charadrius melodus","Plovers","Indiana DNR status SE, FE","Plovers. Range: eastern Canada and USA; winters southeastern USA, Bahamas, and Greater Antilles Indiana listing: Indiana DNR status SE, FE."
"STERCORARIUS_POMARINUS","Pomarine Jaeger","Stercorarius pomarinus","Jaegers","No special state or federal status code shown","Jaegers. Range: breeds high Arctic tundra, mainly northwestern to northeastern Russia (including many high Arctic islands), northern and southwestern Alaska, eastward through Arctic Canada to Baffin Island (northeastern Canada); winters to temperate to tropical coasts and offshore waters worldwide Indiana listing: No special state or federal status code shown."
"FALCO_MEXICANUS","Prairie Falcon","Falco mexicanus","Falcons and Caracaras","No special state or federal status code shown","Falcons and Caracaras. Range: arid North America (British Columbia to northern Mexico) Indiana listing: No special state or federal status code shown."
"SETOPHAGA_DISCOLOR","Prairie Warbler","Setophaga discolor","New World Warblers","No special state or federal status code shown","New World Warblers. Range: breeds in shrubland and open woodland in southern Ontario (southeastern Canada) and southern New England (northeastern USA) southwards across eastern USA to northern Florida and westwards to eastern Texas; winters from Florida southwards to the Greater Antilles and Caribbean coast from eastern Yucatan Peninsula to Belize and northern Honduras, also in Bermuda Indiana listing: No special state or federal status code shown."
"PROTONOTARIA_CITREA","Prothonotary Warbler","Protonotaria citrea","New World Warblers","No special state or federal status code shown","New World Warblers. Range: breeds eastern USA; winters southeastern Mexico to western Ecuador and Lesser Antilles Indiana listing: No special state or federal status code shown."
"HAEMORHOUS_PURPUREUS","Purple Finch","Haemorhous purpureus","Finches","No special state or federal status code shown","Finches. Range: breeds in moist coniferous and mixed forests and riparian woodland from southern Yukon and southern Northwest Territories eastwards to Newfoundland (southwestern to eastern Canada) southwards in western USA to southern California, and in eastern USA from northern Minnesota eastward to Maine, and southwards in the Appalachians to West Virginia; winters southwards to northern Baja California (northwestern Mexico) and throughout eastern USA sporadically to northern Florida Indiana listing: No special state or federal status code shown."
"PORPHYRIO_MARTINICA","Purple Gallinule","Porphyrio martinica","Rails, Gallinules, and Coots","No special state or federal status code shown","Rails, Gallinules, and Coots. Range: locally from southern USA to northern Argentina and West Indies Indiana listing: No special state or federal status code shown."
"PROGNE_SUBIS","Purple Martin","Progne subis","Martins and Swallows","No special state or federal status code shown","Martins and Swallows. Range: breeds in flooded woodland, riparian woodland, forest borders, and urban areas, disjunctly from Alberta eastwards to New Brunswick (south-central to southeastern Canada), southwards along Pacific coast from far southwestern British Columbia to southern California, northern Sonora, and southern Baja California (northwestern Mexico), locally in interior southwestern USA to montane central Mexico, and in eastern USA to far northeastern Mexico, Gulf coast, and southern Florida; winters primarily in Amazonia Indiana listing: No special state or federal status code shown."
"CALIDRIS_MARITIMA","Purple Sandpiper","Calidris maritima","Sandpipers and Phalaropes","No special state or federal status code shown","Sandpipers and Phalaropes. Range: breeds montane tundra from Greenland and Iceland eastward through Arctic Europe and Russia to Taymyr Peninsula (north-central Siberia), also Banks to southern Ellesmere and Baffin islands (north-central Canada); winters rocky North Atlantic coasts from Iceland and Faroe Islands to western Europe, and Labrador and Gulf of St. Lawrence (southeastern Canada) southward to North Carolina Indiana listing: No special state or federal status code shown."
"SITTA_SP","Pygmy/Brown-headed Nuthatch","Sitta sp.","Nuthatches","No special state or federal status code shown","Nuthatches. Range: Range context unavailable in the matched Cornell record. Indiana listing: No special state or federal status code shown."
"LOXIA_CURVIROSTRA","Red Crossbill","Loxia curvirostra","Finches","No special state or federal status code shown","Finches. Range: conifer forest of subarctic to subtropical Holarctic: British Isles, Scandinavia (except far north) eastward across Russia to Sea of Okhotsk, Sakhalin, and Kuril Islands (southeastern Russia), Hokkaido to central Honshu (northern to central Japan), northern Korean Peninsula, in south through Iberian Peninsula, Morocco to Tunisia (northwestern to north-central Africa), eastward through Mediterranean, Turkey, Caucasus, Altai of eastern Kyrgyzstan, eastern Kazakhstan, northwestern Xinjiang (northwestern China), southern and central Mongolia to Heilongjiang and Hebei (northeastern China); disjunctly west-central to eastern Himalayas, southeastern Tibet, Qinghai, and Gansu to northwestern Yunnan; southern Vietnam; Luzon (northern Philippines); southeastern Alaska eastward to Newfoundland (northeastern Canada), southward to northern Baja California (northwestern Mexico), Rocky and Appalachian mountains, southward through Nicaragua; may winter irruptively southward Indiana listing: No special state or federal status code shown."
"CALIDRIS_CANUTUS","Red Knot","Calidris canutus","Sandpipers and Phalaropes","Indiana DNR status SE, FT","Sandpipers and Phalaropes. Range: breeds patchily in high Arctic (mainly) tundra of Holarctic from northwestern and eastern Greenland, north-central Siberia, islands north of north-central and northeastern Siberia, and northern Chukotskiy Peninsula (northeastern Siberia); winters coasts worldwide from temperate zone to tropics; in Indian Ocean mainly western Australia, and in Pacific in New Zealand but rare on other remote islands Indiana listing: Indiana DNR status SE, FT."
"PHALAROPUS_FULICARIUS","Red Phalarope","Phalaropus fulicarius","Sandpipers and Phalaropes","No special state or federal status code shown","Sandpipers and Phalaropes. Range: breeds mostly high Arctic marshy tundra from southern Greenland and Iceland eastward across Siberia to northern Alaska and northern Canada including southern tier of Arctic Canadian islands; winters off coasts from California to southern Chile, Atlantic USA to northern Florida, and off western Africa Indiana listing: No special state or federal status code shown."
"MELANERPES_CAROLINUS","Red-bellied Woodpecker","Melanerpes carolinus","Woodpeckers","No special state or federal status code shown","Woodpeckers. Range: eastern North America (southern Canada to Texas and Florida Keys) Indiana listing: No special state or federal status code shown."
"MERGUS_SERRATOR","Red-breasted Merganser","Mergus serrator","Ducks, Geese, and Swans","No special state or federal status code shown","Ducks, Geese, and Swans. Range: breeds southern Greenland, Iceland, northern British Isles, and Scandinavia to Sakhalin and Kamchatka peninsulas, and Kuril and Commander islands (southeastern Russia), in south through northern Kazakhstan and northeastern China; western Alaska mainland through mainland Canada from Arctic to northern Great Lakes and eastward to Nova Scotia; winters to coasts of southern Europe, Black and Caspian seas; Japan, Korean Peninsula, and eastern China; to west-central Mexico, Gulf Coast, and Florida Indiana listing: No special state or federal status code shown."
"SITTA_CANADENSIS","Red-breasted Nuthatch","Sitta canadensis","Nuthatches","No special state or federal status code shown","Nuthatches. Range: coniferous forest of North America Indiana listing: No special state or federal status code shown."
"VIREO_OLIVACEUS","Red-eyed Vireo","Vireo olivaceus","Vireos","No special state or federal status code shown","Vireos. Range: breeds Canada and west-central and eastern USA; winters to Cuba and central South America Indiana listing: No special state or federal status code shown."
"MELANERPES_ERYTHROCEPHALUS","Red-headed Woodpecker","Melanerpes erythrocephalus","Woodpeckers","No special state or federal status code shown","Woodpeckers. Range: eastern North America from southern Canada to Gulf of Mexico and Florida Indiana listing: No special state or federal status code shown."
"PODICEPS_GRISEGENA","Red-necked Grebe","Podiceps grisegena","Grebes","No special state or federal status code shown","Grebes. Range: central and eastern Europe and Turkey to temperate west-central Russia and Kazakhstan; subarctic central and eastern Siberia to Kamchatka, Alaska, and Canada to southwestern Quebec; winters mostly coasts to mid-temperate latitudes Indiana listing: No special state or federal status code shown."
"PHALAROPUS_LOBATUS","Red-necked Phalarope","Phalaropus lobatus","Sandpipers and Phalaropes","No special state or federal status code shown","Sandpipers and Phalaropes. Range: breeds mostly low Arctic tundra from southern Greenland and Iceland eastward to Kamchatka, Kuril, and Commander islands, and Aleutians through Canada; winters off coasts of Indian Ocean from Arabian Sea eastward through Indonesian Archipelago and in Pacific to New Guinea and Bismarck Archipelago and western Mexico to Peru and Galapagos Indiana listing: No special state or federal status code shown."
"CALIDRIS_RUFICOLLIS","Red-necked Stint","Calidris ruficollis","Sandpipers and Phalaropes","No special state or federal status code shown","Sandpipers and Phalaropes. Range: breeds coastal tundra of Taymyr Peninsula eastward to Chukotskiy Peninsula and northern Kamchatka Peninsula (north-central to north-eastern Siberia); breeds coastal northeastern India and Sri Lanka eastward to Philippines, Australasia, and Melanesia Indiana listing: No special state or federal status code shown."
"BUTEO_LINEATUS","Red-shouldered Hawk","Buteo lineatus","Kites, Eagles, and Hawks","No special state or federal status code shown","Kites, Eagles, and Hawks. Range: bottomland hardwood, riparian woodland, deciduous swamp forest, and mixed deciduous-coniferous forest from southeasternmost Canada, in southern Quebec, western Ontario, and New Brunswick, southward through eastern US to southern Florida and the Gulf of Mexico coast, westward to central Minnesota, eastern Kansas, Oklahoma, and Texas, and as non-breeder southward to north-central Mexico; also in the western US from southernmost Oregon southward to central Baja California Indiana listing: No special state or federal status code shown."
"BUTEO_JAMAICENSIS","Red-tailed Hawk","Buteo jamaicensis","Kites, Eagles, and Hawks","No special state or federal status code shown","Kites, Eagles, and Hawks. Range: Alaska and subarctic Canada through USA, Greater Antilles, and northern Lesser Antilles to western Panama; northern populations winter to south Indiana listing: No special state or federal status code shown."
"GAVIA_STELLATA","Red-throated Loon","Gavia stellata","Loons","No special state or federal status code shown","Loons. Range: breeds across the northern Holarctic region; winters coastally in the north Pacific Ocean from the Kamchatka Peninsula to the Yellow Sea, and from southern Alaska to northwestern Mexico; and in the northern Atlantic Ocean from the Maritime Provinces (Canada) to the southeastern USA, from Scandinavia south to the Mediterranean, and the Black and Caspian seas Indiana listing: No special state or federal status code shown."
"AGELAIUS_PHOENICEUS","Red-winged Blackbird","Agelaius phoeniceus","Blackbirds and Orioles","No special state or federal status code shown","Blackbirds and Orioles. Range: various freshwater and salt marshes, including meadows and cultivated fields from southern Alaska and Yukon eastwards to Labrador (northwestern to eastern Canada), and to southern Florida, northern Bahamas, northern Baja California, and soutward across Mexico to coastal Yucatan Peninsula and locally in Central America to northwestern Costa Rica; largely resident, with winter wandering Indiana listing: No special state or federal status code shown."
"EGRETTA_RUFESCENS","Reddish Egret","Egretta rufescens","Bitterns, Herons, and Egrets","No special state or federal status code shown","Bitterns, Herons, and Egrets. Range: breeds southern USA to southern Mexico and Belize, and West Indies; winters to northwestern South America Indiana listing: No special state or federal status code shown."
"AYTHYA_AMERICANA","Redhead","Aythya americana","Ducks, Geese, and Swans","No special state or federal status code shown","Ducks, Geese, and Swans. Range: breeds Alaska to southern USA; winters to Guatemala and Greater Antilles Indiana listing: No special state or federal status code shown."
"LARUS_DELAWARENSIS","Ring-billed Gull","Larus delawarensis","Gulls, Terns, and Skimmers","No special state or federal status code shown","Gulls, Terns, and Skimmers. Range: breeds inland British Columbia eastward to Labrador and Newfoundland (eastern Canada), Pacific Northwest states, and Great Lakes (northern USA); winters to coastal and inland southern USA, southern Mexico, Bahamas, and Greater Antilles Indiana listing: No special state or federal status code shown."
"AYTHYA_COLLARIS","Ring-necked Duck","Aythya collaris","Ducks, Geese, and Swans","No special state or federal status code shown","Ducks, Geese, and Swans. Range: breeds Alaska to southern USA; winters to Panama and southern Lesser Antilles Indiana listing: No special state or federal status code shown."
"PHASIANUS_COLCHICUS","Ring-necked Pheasant","Phasianus colchicus","Turkeys, Grouse, and Pheasants","Exotic or introduced","Turkeys, Grouse, and Pheasants. Range: native range, fragmented to the west and widespread to the east, is lowland to montane open forest, highland grassland, and bamboo scrub, from Bulgaria and Greece eastward to the northern slope of the Himalayas, thence northward across China to Manchuria and the Korean Peninsula, and southward to northernmost Vietnam, and Taiwan; successfully introduced widely, often in agricultural land, including non-native habitats in Asia, Europe, and North America, plus Australia (locally), New Zealand, Hawaii, and Chile Indiana listing: Exotic or introduced."
"COLUMBA_LIVIA","Rock Pigeon","Columba livia","Pigeons and Doves","Exotic or introduced","Pigeons and Doves. Range: native populations existed from lowland to montane open rocky habitats, from sea-cliffs to open steppe, desert canyons, and rocky crags, from the Faroe and Shetland islands (Britain) and Scandinavia eastward to Mongolia, and southward to Madeira, Azores, Cape Verde, and Canary Islands, Ghana, Sudan, Arabian Peninsula, India, and eastern Himalayas; native limits unclear due to presence of feral pigeons. Wild native populations now absent from Faroes, Shetland, Norway, and Europe except southwestern Portugal and coastal Sardinia (France). Feral populations introduced globally, especially in cities and towns, on all continents (except Antarctica), and on many oceanic islands. Feral and domestic pigeons cloud extent of native populations, owing to extensive interbreeding. Indiana listing: Exotic or introduced."
"SALPINCTES_OBSOLETUS","Rock Wren","Salpinctes obsoletus","Wrens","No special state or federal status code shown","Wrens. Range: breeds in canyons, cliffs, rocky outcrops, boulders, and buildings from south-central British Columbia eastwards to southwestern Saskatchewan (southwestern Canada), western Montana, and western Texas (central USA), southwards to central Baja California, Isla Guadalupe, and montane Mexico southwards to northwestern Costa Rica; formerly Islas Revillagigedo Indiana listing: No special state or federal status code shown."
"PHEUCTICUS_LUDOVICIANUS","Rose-breasted Grosbeak","Pheucticus ludovicianus","Tanagers, Cardinals, and Grosbeaks","No special state or federal status code shown","Tanagers, Cardinals, and Grosbeaks. Range: breeds eastern Canada and USA; winters from Mexico to Peru and western Cuba Indiana listing: No special state or federal status code shown."
"PLATALEA_AJAJA","Roseate Spoonbill","Platalea ajaja","Ibises and Spoonbills","No special state or federal status code shown","Ibises and Spoonbills. Range: southern USA to northern Argentina, Brazil, and West Indies Indiana listing: No special state or federal status code shown."
"STERNA_DOUGALLII","Roseate Tern","Sterna dougallii","Gulls, Terns, and Skimmers","No special state or federal status code shown","Gulls, Terns, and Skimmers. Range: patchily temperate to tropical Atlantic, tropical Indian, and subtropical to tropical western Pacific to Vanuatu Indiana listing: No special state or federal status code shown."
"ANSER_ROSSII","Ross's Goose","Anser rossii","Ducks, Geese, and Swans","No special state or federal status code shown","Ducks, Geese, and Swans. Range: breeds tundra of arctic north-central Canada; winters to western and central USA and central Mexico Indiana listing: No special state or federal status code shown."
"RHODOSTETHIA_ROSEA","Ross's Gull","Rhodostethia rosea","Gulls, Terns, and Skimmers","No special state or federal status code shown","Gulls, Terns, and Skimmers. Range: breeds western and eastern Greenland (rare), Arctic northeastern Siberia, locally from Taimyr Peninsula to Kolyma River, Arctic northeastern Canada and formerly Churchill, Manitoba (west-central Hudson Bay, east-central Canada); winters Arctic Ocean, in Beaufort (north of Alaska) and Labrador seas (at least) Indiana listing: No special state or federal status code shown."
"BUTEO_LAGOPUS","Rough-legged Hawk","Buteo lagopus","Kites, Eagles, and Hawks","No special state or federal status code shown","Kites, Eagles, and Hawks. Range: breeds tundra and grassland of northern Eurasia eastward to Kamchatka, and in Alaska and northern Canada; winters central Eurasia to northern China, Japan, and southern USA Indiana listing: No special state or federal status code shown."
"THALASSEUS_MAXIMUS","Royal Tern","Thalasseus maximus","Gulls, Terns, and Skimmers","No special state or federal status code shown","Gulls, Terns, and Skimmers. Range: breeds coastal southern California and Gulf of California to Sinaloa and Islas Tres Marias, and Atlantic from Virginia southward to Florida, Gulf of Mexico to s Texas, and Caribbean including peripheral islands southeastward to French Guiana, and disjunctly coastal southern Brazil, Uruguay, and east-central Argentina Indiana listing: No special state or federal status code shown."
"CORTHYLIO_CALENDULA","Ruby-crowned Kinglet","Corthylio calendula","Kinglets","No special state or federal status code shown","Kinglets. Range: breeds in coniferous, mixed, and deciduous forest and woodland from northern Alaska and northern Yukon (except the north slope) eastwards to northern Labrador and Newfoundland (northeastern Canada), southwards in western USA to southern California and New Mexico, eastwards to western South Dakota and Nebraska, and northeastern USA (northern Minnesota to northern New York and Maine); winters in western and southeastern USA, southwards to the Gulf of Mexico coast and southern Florida, and in Mexico southwards to southern Baja California and Oaxaca; formerly Guadalupe Island Indiana listing: No special state or federal status code shown."
"ARCHILOCHUS_COLUBRIS","Ruby-throated Hummingbird","Archilochus colubris","Hummingbirds","No special state or federal status code shown","Hummingbirds. Range: breeds eastern Canada and USA; winters Mexico to Panama Indiana listing: No special state or federal status code shown."
"OXYURA_JAMAICENSIS","Ruddy Duck","Oxyura jamaicensis","Ducks, Geese, and Swans","No special state or federal status code shown","Ducks, Geese, and Swans. Range: interior northwestern North America (southwestern Canada to Mexico); West Indies Indiana listing: No special state or federal status code shown."
"ARENARIA_INTERPRES","Ruddy Turnstone","Arenaria interpres","Sandpipers and Phalaropes","Indiana Special Concern","Sandpipers and Phalaropes. Range: breeds high and low Arctic tundra of coastal Holarctic; winters temperate to tropical coasts worldwide, including oceanic islands Indiana listing: Indiana Special Concern."
"CALIDRIS_PUGNAX","Ruff","Calidris pugnax","Sandpipers and Phalaropes","No special state or federal status code shown","Sandpipers and Phalaropes. Range: breeds tundra and steppe of northwestern Europe from Scandinavia southward to northern Ukraine and eastward to far eastern Siberia; winters from central Europe southward through Africa, eastward through southern Asia to central Japan southward to Philippines Indiana listing: No special state or federal status code shown."
"BONASA_UMBELLUS","Ruffed Grouse","Bonasa umbellus","Turkeys, Grouse, and Pheasants","Indiana State Endangered","Turkeys, Grouse, and Pheasants. Range: aspen and other woods of lowlands to mountains of USA and Canada, from western Alaska eastward to Labrador, in south to central California and southern Rocky Mountains, in east south mainly through Appalachians; range has contracted in many areas (especially central USA) and has been introduced locally Indiana listing: Indiana State Endangered."
"SELASPHORUS_RUFUS","Rufous Hummingbird","Selasphorus rufus","Hummingbirds","No special state or federal status code shown","Hummingbirds. Range: breeds Alaska to northwestern USA; winters to southern Mexico Indiana listing: No special state or federal status code shown."
"EUPHAGUS_CAROLINUS","Rusty Blackbird","Euphagus carolinus","Blackbirds and Orioles","No special state or federal status code shown","Blackbirds and Orioles. Range: breeds in wet areas of forest and woodland from northern Alaska eastwards to Newfoundland and Labrador (eastern Canada) and southwards to Ontario and Maine; winters in central and southeastern USA from eastern Nebraska eastwards to Connecticut, and southwards to eastern Texas and southern Florida; major rangewide population declines Indiana listing: No special state or federal status code shown."
"XEMA_SABINI","Sabine's Gull","Xema sabini","Gulls, Terns, and Skimmers","No special state or federal status code shown","Gulls, Terns, and Skimmers. Range: breeds patchily on Arctic coasts of Greenland, Svalbard, and Siberia eastward to Chukotka Peninsula, St. Lawrence Island, western and northern Alaska, and Arctic Canada; winters coastal and offshore waters of northern South America to northern Chile and western Africa from Angola to southern Africa Indiana listing: No special state or federal status code shown."
"OREOSCOPTES_MONTANUS","Sage Thrasher","Oreoscoptes montanus","Mockingbirds and Thrashers","No special state or federal status code shown","Mockingbirds and Thrashers. Range: breeds in sagebrush of southern British Columbia to northern Arizona and northern New Mexico; winters from southern Nevada to western Texas and southward to Durango (central Mexico) Indiana listing: No special state or federal status code shown."
"CALIDRIS_ALBA","Sanderling","Calidris alba","Sandpipers and Phalaropes","No special state or federal status code shown","Sandpipers and Phalaropes. Range: breeds high Arctic tundra wetlands of Holarctic from northwestern and southeastern Greenland, Svalbard (north of Norway), north Taymyr Peninsula and Severnaya Zemlya (to the north), Lena Delta, and New Siberian Islands (north-central Siberia), Alaskan North Slope (rare), Canadian Arctic islands from Banks to Ellesmere and south to Southampton; winters sandy coastal beaches worldwide from temperate to tropical zone, in Old World from the British Isles and Macaronesia (northwest of northern Africa) through Africa, Malagasy region, Middle East, southern Asia through Indonesian Archipelago to Australia, Melanesia, Philippines, and south and central Japan (but rare New Guinea and New Zealand); in New World, southwestern and southeastern Canada and Caribbean south to Tierra del Fuego, and including remote islands of eastern Polynesia Indiana listing: No special state or federal status code shown."
"ANTIGONE_CANADENSIS","Sandhill Crane","Antigone canadensis","Cranes","Indiana Special Concern","Cranes. Range: shallow marshes, bogs, sedge meadows and open grassland from eastern Siberia, northwestern Alaska and northern Canada, including Baffin Island, southward across most Canada to northern US (southward to northern California, western Montana southward to northwestern Colorado), and in the lower Mississippi basin, southeastern Georgia and northern Florida, and Cuba; winters in southern US and northern Mexico Indiana listing: Indiana Special Concern."
"PASSERCULUS_SANDWICHENSIS","Savannah Sparrow","Passerculus sandwichensis","Sparrows","No special state or federal status code shown","Sparrows. Range: breeds in grassland and cultivated fields from northern Alaska (including the Aleutian Islands) and northern Canada (south of the Arctic Islands) southwards along the west coast to southern Baja California, and to northwestern Sinaloa (northwestern Mexico), in eastern USA southwards to northern Georgia, in montane north-central Mexico (Chihuahua to Michoacan), in the volcanic belt eastwards to western Veracruz, and locally in western Guatemala; winters from southern third of the USA throughout Mexico to western Honduras, and southern Florida, the Bahamas, and Cuba (scarce) Indiana listing: No special state or federal status code shown."
"SAYORNIS_SAYA","Say's Phoebe","Sayornis saya","Flycatchers","No special state or federal status code shown","Flycatchers. Range: breeds in dry open country from lowlands to mountains of western North America from northern Alaska and northwestern Canada southward through central Baja California and central plateau of Mexico; non-breeders withdraw mainly to southwestern USA and south-central Mexico Indiana listing: No special state or federal status code shown."
"PIRANGA_OLIVACEA","Scarlet Tanager","Piranga olivacea","Tanagers, Cardinals, and Grosbeaks","No special state or federal status code shown","Tanagers, Cardinals, and Grosbeaks. Range: breeds eastern Canada and USA; winters mainly upper Amazon basin Indiana listing: No special state or federal status code shown."
"TYRANNUS_FORFICATUS","Scissor-tailed Flycatcher","Tyrannus forficatus","Flycatchers","No special state or federal status code shown","Flycatchers. Range: breeds south-central USA; winters to western Panama Indiana listing: No special state or federal status code shown."
"CISTOTHORUS_STELLARIS","Sedge Wren","Cistothorus stellaris","Wrens","Indiana State Endangered","Wrens. Range: breeds eastern Canada to eastern USA; winters Florida to northeastern Mexico Indiana listing: Indiana State Endangered."
"CHARADRIUS_SEMIPALMATUS","Semipalmated Plover","Charadrius semipalmatus","Plovers","No special state or federal status code shown","Plovers. Range: breeds inland high Arctic from Chukotskiy Peninsula (northeastern Russia) eastward through Aleutian Islands and across Canada to Newfoundland and Nova Scotia (southeastern Canada); winters coastally from Oregon and New Jersey southward to northern Chile and northern Argentina; also West Indies and Gal<U+00E1>pagos Indiana listing: No special state or federal status code shown."
"CALIDRIS_PUSILLA","Semipalmated Sandpiper","Calidris pusilla","Sandpipers and Phalaropes","No special state or federal status code shown","Sandpipers and Phalaropes. Range: breeds tundra from eastern Chukotskiy Peninsula (northeastern Siberia) through northern Alaska and eastward in northern Canada to northern Labrador, including southern Canadian Arctic islands from Banks to Baffin; winters coasts from Isthmus of Tehuantepec and Yucatan Peninsula (southwestern Mexico) and Caribbean to far northern Chile and northeastern Brazil Indiana listing: No special state or federal status code shown."
"ACCIPITER_STRIATUS","Sharp-shinned Hawk","Accipiter striatus","Kites, Eagles, and Hawks","Indiana Special Concern","Kites, Eagles, and Hawks. Range: breeds Alaska and Canada and Greater Antilles to Bolivia, Paraguay, and northern Argentina; northern populations winter to Panama Indiana listing: Indiana Special Concern."
"CALIDRIS_ACUMINATA","Sharp-tailed Sandpiper","Calidris acuminata","Sandpipers and Phalaropes","No special state or federal status code shown","Sandpipers and Phalaropes. Range: breeds low Arctic tundra from Lena to Kolyma rivers (northeastern Siberia); winters from Wallacea eastward through Australasia; prone to extreme vagrancy Indiana listing: No special state or federal status code shown."
"LIMNODROMUS_GRISEUS","Short-billed Dowitcher","Limnodromus griseus","Sandpipers and Phalaropes","Indiana Special Concern","Sandpipers and Phalaropes. Range: breeds north temperate bogs in tundra and muskeg from Gulf of Alaska and inland south-central Alaska, southwestern Yukon, and montane northwestern British Columbia (northwestern Canada); north-central Alberta to western Manitoba (central Canada); southwestern Hudson and James bays to western Labrador (east-central Canada); winters coastal mudflats and mangroves from northern California to northern Peru and Galapagos, and North Carolina to northeastern Brazil Indiana listing: Indiana Special Concern."
"ASIO_FLAMMEUS","Short-eared Owl","Asio flammeus","Typical Owls","Indiana State Endangered","Typical Owls. Range: North and South America from northern Alaska to Tierra del Fuego, including Hawaii, the Greater Antilles (except Jamaica), Galapagos, and Falklands; Europe, northern Asia, and northern and western Africa Indiana listing: Indiana State Endangered."
"LARUS_SCHISTISAGUS","Slaty-backed Gull","Larus schistisagus","Gulls, Terns, and Skimmers","No special state or federal status code shown","Gulls, Terns, and Skimmers. Range: breeds coasts and lakes of northeastern Siberia including Kamchatka southward to Kuril Islands (eastern Russia), and eastward to Hokkaido and northern Honshu (northern Japan); winters to coasts of Japan, Korean Peninsula, Bohai Sea (northeastern China), and Taiwan; prone to extreme vagrancy Indiana listing: No special state or federal status code shown."
"CALCARIUS_PICTUS","Smith's Longspur","Calcarius pictus","Longspurs and Snow Buntings","No special state or federal status code shown","Longspurs and Snow Buntings. Range: breeds Alaska and western Canada; winters in south-central USA Indiana listing: No special state or federal status code shown."
"PLECTROPHENAX_NIVALIS","Snow Bunting","Plectrophenax nivalis","Longspurs and Snow Buntings","No special state or federal status code shown","Longspurs and Snow Buntings. Range: breeds Holarctic, from Greenland and arctic islands and coasts eastward to Chukotskiy Peninsula and Kamchatka, and Aleutian Islands, Alaska, and northern Canada to Ellesmere Island; winters to central Eurasia and central North America Indiana listing: No special state or federal status code shown."
"ANSER_CAERULESCENS","Snow Goose","Anser caerulescens","Ducks, Geese, and Swans","No special state or federal status code shown","Ducks, Geese, and Swans. Range: Arctic tundra near lakes, ponds, streams, low meadows, braided deltas, and riverine islands in the islands of northern Canada and northwestern Greenland southward to the Arctic coast of Canada and Alaska, coastal Hudson Bay, Wrangel Island, and far northeastern Siberia; winters locally in western US, in central US mainly along the Mississippi River basin, and in the Atlantic coast of the US and southward to northern Mexico, south in the highlands of central Mexico to northern Jalisco and Guanajuato, and along the Gulf of Mexico coast southward to Veracruz Indiana listing: No special state or federal status code shown."
"EGRETTA_THULA","Snowy Egret","Egretta thula","Bitterns, Herons, and Egrets","No special state or federal status code shown","Bitterns, Herons, and Egrets. Range: locally from USA to central Argentina and West Indies Indiana listing: No special state or federal status code shown."
"BUBO_SCANDIACUS","Snowy Owl","Bubo scandiacus","Typical Owls","No special state or federal status code shown","Typical Owls. Range: Arctic circumpolar; irregular southern post-breeding irruptions Indiana listing: No special state or federal status code shown."
"ANARHYNCHUS_NIVOSUS","Snowy Plover","Anarhynchus nivosus","Plovers","No special state or federal status code shown","Plovers. Range: breeds coastal Washington to central Baja California; inland Saskatchewan (irregular; south-central Canada) to California and central Oklahoma and Texas; coastal Gulf of Mexico to Yucatan Peninsula; inland central Mexico; southern and central Bahamas to Virgin Islands; and Peru to south-central Chile; winters to coastal northern Central America Indiana listing: No special state or federal status code shown."
"TRINGA_SOLITARIA","Solitary Sandpiper","Tringa solitaria","Sandpipers and Phalaropes","Indiana Special Concern","Sandpipers and Phalaropes. Range: breeds subarctic to temperate zone taiga muskeg from Alaska mainland (except far north) to southwestern Canada, eastward to Hudson and James bays and north of Great Lakes to eastern Quebec (at least); winters inland subtropical to tropical small wetlands from west-central Mexico, southern Texas, and the Caribbean to central Peru and north-central Argentina Indiana listing: Indiana Special Concern."
"MELOSPIZA_MELODIA","Song Sparrow","Melospiza melodia","Sparrows","No special state or federal status code shown","Sparrows. Range: breeds in varied woodland, shrubby, and wetland habitats from Pacific coast of southern Alaska (including the Aleutian Islands) eastwards to Newfoundland (northeastern Canada), southwards in southwestern USA to central Baja California and northern Sonora (northwestern Mexico), locally in western Mexico and in the volcanic belt of central Mexico, and in eastern USA southwards to northern Georgia and western South Carolina; largely resident, but some wintering to northeastern Mexico Indiana listing: No special state or federal status code shown."
"ONYCHOPRION_FUSCATUS","Sooty Tern","Onychoprion fuscatus","Gulls, Terns, and Skimmers","No special state or federal status code shown","Gulls, Terns, and Skimmers. Range: widespread in all tropical and subtropical oceans Indiana listing: No special state or federal status code shown."
"PORZANA_CAROLINA","Sora","Porzana carolina","Rails, Gallinules, and Coots","No special state or federal status code shown","Rails, Gallinules, and Coots. Range: breeds southern Alaska to northern Baja California and southern USA; winters to West Indies and northern South America Indiana listing: No special state or federal status code shown."
"TRINGA_ERYTHROPUS","Spotted Redshank","Tringa erythropus","Sandpipers and Phalaropes","No special state or federal status code shown","Sandpipers and Phalaropes. Range: breeds wooded tundra from Scandinavia eastward through inland Russia to Chukotskiy Peninsula (northeastern Siberia); winters wetlands from southern British Isles and tropical Africa eastward through southern Asia to southeastern China and Taiwan Indiana listing: No special state or federal status code shown."
"ACTITIS_MACULARIUS","Spotted Sandpiper","Actitis macularius","Sandpipers and Phalaropes","No special state or federal status code shown","Sandpipers and Phalaropes. Range: breeds inland waterbody margins from Aleutian Islands and Alaska mainland except North Slope eastward through Canada (except far northern) to Newfoundland, and southward to southwestern and east-central USA; winters southern USA and Caribbean southward to northern Chile and Argentina Indiana listing: No special state or federal status code shown."
"PIPILO_MACULATUS","Spotted Towhee","Pipilo maculatus","Sparrows","No special state or federal status code shown","Sparrows. Range: breeds in shrubland, brushland, thickets, and oak woodland, from southern British Columbia to Saskatchewan (southwestern Canada) southwards across western and west-central USA to northern Baja California, locally in southern Baja California, Isla Socorro, and mountains of Mexico and Guatemala; mostly resident, some wintering to southern Texas and northern Mexico as non-breeder Indiana listing: No special state or federal status code shown."
"CALIDRIS_HIMANTOPUS","Stilt Sandpiper","Calidris himantopus","Sandpipers and Phalaropes","No special state or federal status code shown","Sandpipers and Phalaropes. Range: breeds tundra to taiga edge of North Slope of Alaska eastward to north-central Canada; winters Mexico and throughout the Caribbean; in Central America mainly along Pacific coast; coastal South America to Peru and northern Brazil, and in pampas of north-central Argentina Indiana listing: No special state or federal status code shown."
"PIRANGA_RUBRA","Summer Tanager","Piranga rubra","Tanagers, Cardinals, and Grosbeaks","No special state or federal status code shown","Tanagers, Cardinals, and Grosbeaks. Range: breeds southern USA and northern Mexico; winters Mexico to Amazonian Brazil and northwestern Bolivia (La Paz) Indiana listing: No special state or federal status code shown."
"MELANITTA_PERSPICILLATA","Surf Scoter","Melanitta perspicillata","Ducks, Geese, and Swans","No special state or federal status code shown","Ducks, Geese, and Swans. Range: breeds mainland Alaska through subarctic Canada eastward to Labrador; winters eastern Aleutian Islands to Baja California, and Prince Edward Island to North Carolina Indiana listing: No special state or federal status code shown."
"BUTEO_SWAINSONI","Swainson's Hawk","Buteo swainsoni","Kites, Eagles, and Hawks","No special state or federal status code shown","Kites, Eagles, and Hawks. Range: western North America; winters to northern Argentina, southern Brazil, and Paraguay Indiana listing: No special state or federal status code shown."
"CATHARUS_USTULATUS","Swainson's Thrush","Catharus ustulatus","Thrushes","No special state or federal status code shown","Thrushes. Range: breeds in coniferous forest, riparian and deciduous woodland, and thickets from central Alaska eastwards to southern Labrador (eastern Canada), in western USA along the Pacific coast southwards to southern California and in the Rocky Mountains to northern New Mexico, and in northeastern USA to southern New York and northern Pennsylvania; winters in varied lowland and montane forest and edge, mostly in Chiapas and Guatemala and the Andes southwards to northwestern Argentina, with some on the Pacific and Gulf of Mexico slopes from northeastern and central-western Mexico through Central America Indiana listing: No special state or federal status code shown."
"LIMNOTHLYPIS_SWAINSONII","Swainson's Warbler","Limnothlypis swainsonii","New World Warblers","No special state or federal status code shown","New World Warblers. Range: breeds southeastern USA; winters southeastern Mexico and Belize to Guatemala and West Indies Indiana listing: No special state or federal status code shown."
"ELANOIDES_FORFICATUS","Swallow-tailed Kite","Elanoides forficatus","Kites, Eagles, and Hawks","No special state or federal status code shown","Kites, Eagles, and Hawks. Range: various forest and non-forest habitats; breeds in southeastern US, north to South Carolina and west to eastern Texas, and from southeastern Mexico southeastward to Panama, migrates through eastern Mexico and the Caribbean and winters in South America; resident throughout most northern South America southward in the Pacific lowlands to northwesternmost Peru, southward along the R<U+00ED>o Cauca and R<U+00ED>o Magdalena in interior Colombia, and east of the Andes from northern Venezuela, Trinidad and the Guianas southward across most Brazil, excepting the caatinga region in the northeast, to northern Rio Grande do Sul, eastern Paraguay, northeastern Argentina, and from eastern Bolivia southward to northwestern Argentina; populations from southern Brazil to northern Argentina migrate northward after breeding Indiana listing: No special state or federal status code shown."
"MELOSPIZA_GEORGIANA","Swamp Sparrow","Melospiza georgiana","Sparrows","No special state or federal status code shown","Sparrows. Range: breeds varied freshwater and salt marshes from northwestern and northeastern Canada, including Newfoundland, southwards to northeastern Nebraska, and along the Appalachian mountains to West Virginia; winters in southern and eastern USA southwards to northeastern Mexico (straggling farther south) and central Florida Indiana listing: No special state or federal status code shown."
"LEIOTHLYPIS_PEREGRINA","Tennessee Warbler","Leiothlypis peregrina","New World Warblers","No special state or federal status code shown","New World Warblers. Range: breeds southeastern Alaska and southern Yukon to northern USA; winters southern Mexico to northwestern South America Indiana listing: No special state or federal status code shown."
"MYADESTES_TOWNSENDI","Townsend's Solitaire","Myadestes townsendi","Thrushes","No special state or federal status code shown","Thrushes. Range: breeds in varied montane humid coniferous forest types from central Alaska eastwards to western Northwest Territories (northwestern Canada) southwards to southern California, New Mexico, and Zacatecas and Jalisco (central Mexico), and eastwards to western South Dakota; winters to lowlands from southwestern Canada southwards to northern Baja California, northern Durango, and southern Coahuila (northern Mexico) Indiana listing: No special state or federal status code shown."
"SETOPHAGA_TOWNSENDI","Townsend's Warbler","Setophaga townsendi","New World Warblers","No special state or federal status code shown","New World Warblers. Range: breeds coniferous forest of western North America; winters to Costa Rica Indiana listing: No special state or federal status code shown."
"TACHYCINETA_BICOLOR","Tree Swallow","Tachycineta bicolor","Martins and Swallows","No special state or federal status code shown","Martins and Swallows. Range: breeds Alaska to southern USA; winters to northern South America Indiana listing: No special state or federal status code shown."
"EGRETTA_TRICOLOR","Tricolored Heron","Egretta tricolor","Bitterns, Herons, and Egrets","No special state or federal status code shown","Bitterns, Herons, and Egrets. Range: subtropical southern USA and West Indies through South America including Trinidad, to northeastern Brazil and southern Peru Indiana listing: No special state or federal status code shown."
"CYGNUS_BUCCINATOR","Trumpeter Swan","Cygnus buccinator","Ducks, Geese, and Swans","Indiana State Endangered","Ducks, Geese, and Swans. Range: breeds North America from western and central Alaska eastward through east-central Canada and southward through western and central USA; some southward movement in winter; early extirpations and subsequent reintroductions cloud distributional knowledge Indiana listing: Indiana State Endangered."
"BAEOLOPHUS_BICOLOR","Tufted Titmouse","Baeolophus bicolor","Chickadees and Titmice","No special state or federal status code shown","Chickadees and Titmice. Range: south-central Canada (Ontario) to eastern, central, and southeastern USA Indiana listing: No special state or federal status code shown."
"CYGNUS_COLUMBIANUS","Tundra Swan","Cygnus columbianus","Ducks, Geese, and Swans","No special state or federal status code shown","Ducks, Geese, and Swans. Range: high Arctic breeder of Holarctic; winters to southern Palearctic and southern USA Indiana listing: No special state or federal status code shown."
"CATHARTES_AURA","Turkey Vulture","Cathartes aura","Vultures","No special state or federal status code shown","Vultures. Range: breeds southern Canada through Greeater Antilles and South America to Tierra del Fuego and Falkland Islands Indiana listing: No special state or federal status code shown."
"BARTRAMIA_LONGICAUDA","Upland Sandpiper","Bartramia longicauda","Sandpipers and Phalaropes","Indiana State Endangered","Sandpipers and Phalaropes. Range: breeds inland grassland from southeastern Alaska eastward to southeastern Canada and New England, in south to eastern Oregon and Pennsylvania (USA); winters inland grassland from southern Paraguay, southern Brazil, Uruguay, and west-central to east-central Argentina Indiana listing: Indiana State Endangered."
"IXOREUS_NAEVIUS","Varied Thrush","Ixoreus naevius","Thrushes","No special state or federal status code shown","Thrushes. Range: breeds in humid forest, mostly coniferous from northern Alaska eastwards to western Northwest Territories (northwestern Canada) and southwards to far northern California and western Montana; winters southwards to southern California and northern Baja California (northwestern Mexico) Indiana listing: No special state or federal status code shown."
"CATHARUS_FUSCESCENS","Veery","Catharus fuscescens","Thrushes","No special state or federal status code shown","Thrushes. Range: breeds in deciduous and riparian forest, and mature woodland from central British Colombia eastwards to southern Newfoundland (southwestern to southeastern Canada) southwards in Rocky Mountains of western USA to New Mexico, the northern tier of US states, and southwards in the Appalachians to far northern Georgia; winters mainly second-growth and sandy-soil forest in the cerrado of eastern Bolivia, central to southern Brazil (Tocantins and Mato Grosso to S<U+00E3>o Paulo), and northern Paraguay Indiana listing: No special state or federal status code shown."
"PYROCEPHALUS_RUBINUS","Vermilion Flycatcher","Pyrocephalus rubinus","Flycatchers","No special state or federal status code shown","Flycatchers. Range: disjunctly, southwestern USA from central California to northeastern Nicaragua, northern South America from Colombia to Guyana, and west of the Andes to southeastern Peru, and breeds northern Argentina and Uruguay to southern Brazil, Paraguay, and southeastern Bolivia; southern breeders winter from southeastern Colombia and eastern Ecuador to eastern Bolivia and central and eastern Brazil Indiana listing: No special state or federal status code shown."
"POOECETES_GRAMINEUS","Vesper Sparrow","Pooecetes gramineus","Sparrows","No special state or federal status code shown","Sparrows. Range: breeds dry grassland and prairie with sparse shrubs from eastern British Colombia eastwards to Nova Scotia (northwestern to northeastern Canada), southwards to south-central California and New Mexico (southwestern USA), and in northeastern USA southwards to far northwestern North Carolina; winters from southern USA southwards to southern Baja California, central Oaxaca (southern Mexico), and southern Florida Indiana listing: No special state or federal status code shown."
"RALLUS_LIMICOLA","Virginia Rail","Rallus limicola","Rails, Gallinules, and Coots","Indiana State Endangered","Rails, Gallinules, and Coots. Range: breeds southern Canada and USA; winters to Baja California, southeastern Mexico (Puebla, M<U+00E9>xico, Veracruz, and Chiapas), and Guatemala Indiana listing: Indiana State Endangered."
"TRINGA_INCANA","Wandering Tattler","Tringa incana","Sandpipers and Phalaropes","No special state or federal status code shown","Sandpipers and Phalaropes. Range: breeds montane tundra from Chukotka (northeastern Siberia) through Alaskan mainland (except far north) to northwestern Canada; winters mainly rocky Pacific coasts from eastern Australasia, Melanesia, Micronesia, Polynesia, isolated eastern Pacific islands, and southwestern Canada to Ecuador Indiana listing: No special state or federal status code shown."
"VIREO_GILVUS","Warbling Vireo","Vireo gilvus","Vireos","No special state or federal status code shown","Vireos. Range: Range context unavailable in the matched Cornell record. Indiana listing: No special state or federal status code shown."
"AECHMOPHORUS_OCCIDENTALIS","Western Grebe","Aechmophorus occidentalis","Grebes","No special state or federal status code shown","Grebes. Range: freshwater marshes and lakes with extensive open water and emergent vegetation in southwestern Canada from northern Alberta and British Columbia, southward across central and western US to southern California and Arizona, northern New Mexico, and in northern US eastward to northern Wisconsin; in central Mexico southward to northern Guerrero, Morelos, and Tlaxcala; winters in brackish bays and estuaries in the Pacific coast from southwesternmost Canada southward to Baja California and southern Sonora Indiana listing: No special state or federal status code shown."
"TYRANNUS_VERTICALIS","Western Kingbird","Tyrannus verticalis","Flycatchers","No special state or federal status code shown","Flycatchers. Range: breeds western North America; winters southern Mexico to Costa Rica and (?) Panama Indiana listing: No special state or federal status code shown."
"STURNELLA_NEGLECTA","Western Meadowlark","Sturnella neglecta","Blackbirds and Orioles","Indiana Special Concern","Blackbirds and Orioles. Range: breeds in varied native and exotic grasslands and prairies from southern Canada (central British Columbia to Saskatchewan) southwards across western and central USA to northern Baja California, and in central Mexico southwards to northern Jalisco and Guanajuato; largely resident but northern birds winter in the USA southwards to the Gulf coast and southwards to southern Baja California and central Mexico Indiana listing: Indiana Special Concern."
"CALIDRIS_MAURI","Western Sandpiper","Calidris mauri","Sandpipers and Phalaropes","No special state or federal status code shown","Sandpipers and Phalaropes. Range: breeds Chukotskiy Peninsula and Anadyr (northeastern Siberia; few), St. Lawrence Island (Bering Sea), and western and northern Alaska mainland; winters coastal Washington to Peru and Galapagos, southeastern Canada to Caribbean, and inland central Mexico to northern Costa Rica Indiana listing: No special state or federal status code shown."
"PIRANGA_LUDOVICIANA","Western Tanager","Piranga ludoviciana","Tanagers, Cardinals, and Grosbeaks","No special state or federal status code shown","Tanagers, Cardinals, and Grosbeaks. Range: breeds western North America; winters to western Panama Indiana listing: No special state or federal status code shown."
"CONTOPUS_SORDIDULUS","Western Wood-Pewee","Contopus sordidulus","Flycatchers","No special state or federal status code shown","Flycatchers. Range: breeds eastern Alaska through western and central North America to Honduras, mainly in highlands in southern part of range; winters mainly Andes to Bolivia Indiana listing: No special state or federal status code shown."
"NUMENIUS_PHAEOPUS","Whimbrel","Numenius phaeopus","Sandpipers and Phalaropes","No special state or federal status code shown","Sandpipers and Phalaropes. Range: Range context unavailable in the matched Cornell record. Indiana listing: No special state or federal status code shown."
"EUDOCIMUS_ALBUS","White Ibis","Eudocimus albus","Ibises and Spoonbills","No special state or federal status code shown","Ibises and Spoonbills. Range: coastal and lowlands areas of western Mexico and the southeastern USA (expanding northward) southward to Costa Rica and the Greater Antilles, Panama, and Pacific coast from Colombia, southward to far northwestern Peru (Tumbes), coastal northern Colombia and northern Venezuela, and llanos of eastern Colombia and western Venezuela Indiana listing: No special state or federal status code shown."
"SITTA_CAROLINENSIS","White-breasted Nuthatch","Sitta carolinensis","Nuthatches","No special state or federal status code shown","Nuthatches. Range: mature and mixed woodland from eastern British Columbia eastwards to Nova Scotia (southwestern to southeastern Canada), southwards to northern Baja California and disjunctly in far southern Baja California (northwestern Mexico), in mountains of Mexico to northern Oaxaca, and to northern Florida Indiana listing: No special state or federal status code shown."
"ZONOTRICHIA_LEUCOPHRYS","White-crowned Sparrow","Zonotrichia leucophrys","Sparrows","No special state or federal status code shown","Sparrows. Range: breeds in boreal forest, tundra, alpine meadows, dense shrubbery and thickets from northern Alaska eastwards (south of Arctic islands) to Newfoundland (northeastern Canada), southwards through northern and western USA to southwestern California and northern New Mexico; winters along the Pacific coast from southernmost Alaska southwards to southern Baja California, and in western to eastern USA southwards to Michoacan and Mexico DF (central Mexico), and in eastern USA southwards to southern Florida Indiana listing: No special state or federal status code shown."
"VIREO_GRISEUS","White-eyed Vireo","Vireo griseus","Vireos","No special state or federal status code shown","Vireos. Range: breeds in secondary deciduous scrub, swamps, and mangroves from southeastern Kansas eastwards to Massachusetts, southwards to central Texas, Gulf slope to southern San Luis Potos<U+00ED> and northern Veracruz (eastern Mexico), southern Florida, and Bermuda; winters in southern USA, the Bahamas, the Greater Antilles, and eastern Mexico (including the Yucatan Peninsula) southwards to northern Honduras Indiana listing: No special state or federal status code shown."
"PLEGADIS_CHIHI","White-faced Ibis","Plegadis chihi","Ibises and Spoonbills","No special state or federal status code shown","Ibises and Spoonbills. Range: Great Basin of western USA to southwestern Brazil and central Argentina Indiana listing: No special state or federal status code shown."
"CALIDRIS_FUSCICOLLIS","White-rumped Sandpiper","Calidris fuscicollis","Sandpipers and Phalaropes","No special state or federal status code shown","Sandpipers and Phalaropes. Range: breeds wet tundra from North Slope of Alaska eastward in coastal northern Canada to northwestern Hudson Bay, and Banks to Devon and Baffin islands (northeastern Canada); winters to wetlands of southern Chile, southeastern Brazil, northwestern to southeastern Argentina, and Falkland Islands Indiana listing: No special state or federal status code shown."
"ELANUS_LEUCURUS","White-tailed Kite","Elanus leucurus","Kites, Eagles, and Hawks","No special state or federal status code shown","Kites, Eagles, and Hawks. Range: various grassland and savanna-like habitats from northwestern US southward to Baja California, from southern Texas and north-central and northwestern Mexico southeastward across most Central America to eastern Panama and in southern Florida; in northern Colombia southward to the headwaters of the R<U+00ED>o Cauca and R<U+00ED>o Magdalena and southward locally in the Pacific lowlands to northwest Peru and in valleys of the Andes of Ecuador; east of the Andes in northern and eastern Venezuela and northern Guianas, occasionally to Trinidad, and southward to the tepui region of southern Venezuela, adjacent Guyana and northernmost Brazil; in the llanos of western Venezuela southward to eastern Colombia and northeastern Ecuador; from northeastern Brazil southward through eastern Bolivia, Paraguay and Uruguay to south-central Argentina, also westward to southeastern Peru and spreading northward in the Amazon of Brazil; and isolated in north-central to south-central Chile Indiana listing: No special state or federal status code shown."
"ZONOTRICHIA_ALBICOLLIS","White-throated Sparrow","Zonotrichia albicollis","Sparrows","No special state or federal status code shown","Sparrows. Range: breeds northern North America; winters to southern USA and northern Mexico Indiana listing: No special state or federal status code shown."
"LOXIA_LEUCOPTERA","White-winged Crossbill","Loxia leucoptera","Finches","No special state or federal status code shown","Finches. Range: conifer forest of subarctic to northern temperate Holarctic: eastern Scandinavia through Russia to Sea of Okhotsk, southward through south-central Russia, northeastern Mongolia, and probably Heilongjiang (far northeastern China); Alaska and Canada (except northern), Rocky Mountains and northern tier of contiguous USA; may winter irruptively southward Indiana listing: No special state or federal status code shown."
"ZENAIDA_ASIATICA","White-winged Dove","Zenaida asiatica","Pigeons and Doves","No special state or federal status code shown","Pigeons and Doves. Range: varied drier habitats from lowlands to mountains of southern Nevada and southeastern California to central Texas and Gulf coast eastward to southern Florida (southern USA), southward through Mexico including Baja California, Tres Marias Islands (west of Nayarit), and Yucatan Peninsula southward through Honduras, thence Pacific slope only south from Nicaragua to western Panama; also Caribbean from Bahamas through central Lesser Antilles; range expanding and vagrants frequent Indiana listing: No special state or federal status code shown."
"MELANITTA_DEGLANDI","White-winged Scoter","Melanitta deglandi","Ducks, Geese, and Swans","No special state or federal status code shown","Ducks, Geese, and Swans. Range: breeds subarctic western Alaska to eastern shore of James Bay (east-central Canada); winters Aleutian Islands to central California (eastern North Pacific coast); and Gulf of St. Lawrence to New Jersey Indiana listing: No special state or federal status code shown."
"CHLIDONIAS_LEUCOPTERUS","White-winged Tern","Chlidonias leucopterus","Gulls, Terns, and Skimmers","No special state or federal status code shown","Gulls, Terns, and Skimmers. Range: breeds inland south-central and eastern Europe eastward to north-central Siberia and northeastern China; winters Africa eastward to Philippines, Australia (except western deserts and Tasmania), and New Zealand Indiana listing: No special state or federal status code shown."
"GRUS_AMERICANA","Whooping Crane","Grus americana","Cranes","Indiana DNR status SE, FE","Cranes. Range: breeds northern Canada; winters coastal southeastern Texas Indiana listing: Indiana DNR status SE, FE."
"MELEAGRIS_GALLOPAVO","Wild Turkey","Meleagris gallopavo","Turkeys, Grouse, and Pheasants","No special state or federal status code shown","Turkeys, Grouse, and Pheasants. Range: forest, edge and adjacent fields in lowlands to mountains from southern Great Plains (central USA), southeastern Canada, and eastern USA southward through central Mexico; widely introduced elsewhere, especially Tasmania, New Zealand, New Caledonia, Hawaii, southwestern Canada, western USA, and the Greater Antilles Indiana listing: No special state or federal status code shown."
"TRINGA_SEMIPALMATA","Willet","Tringa semipalmata","Sandpipers and Phalaropes","No special state or federal status code shown","Sandpipers and Phalaropes. Range: breeds disjunctly in temperate zone prairie wetlands of inland central Alberta to southwestern Manitoba, southward to northeastern California and northern Nebraska; and in coastal saltmarshes from coastal Newfoundland to Florida and Gulf of Mexico southward to Tamaulipas; Bahamas, most Greater Antilles, and scattered islands elsewhere in Caribbean including Los Roques (north of Venezuela); winters to coasts of northern California to northern Chile and Galapagos, and New Jersey through Caribbean to northeastern Brazil Indiana listing: No special state or federal status code shown."
"EMPIDONAX_TRAILLII","Willow Flycatcher","Empidonax traillii","Flycatchers","No special state or federal status code shown","Flycatchers. Range: breeds southern Canada to southern California, central Texas, and eastern USA to northern edge of most southern states; winters to southern Mexico and northwestern South America Indiana listing: No special state or federal status code shown."
"PHALAROPUS_TRICOLOR","Wilson's Phalarope","Phalaropus tricolor","Sandpipers and Phalaropes","Indiana Special Concern","Sandpipers and Phalaropes. Range: breeds inland marshes of western and central Canada to west-central USA; molt migration to hypersaline lakes of western Canada and USA; winters mainly saline montane lakes from Peru to Argentina; also western coast of South America from Ecuador southward, and Argentina to Tierra del Fuego Indiana listing: Indiana Special Concern."
"ANARHYNCHUS_WILSONIA","Wilson's Plover","Anarhynchus wilsonia","Plovers","No special state or federal status code shown","Plovers. Range: breeds coastal temperate to tropical zones from eastern and Gulf coasts of USA to Caribbean and east-central Brazil; in west from northern Baja California to Peru Indiana listing: No special state or federal status code shown."
"GALLINAGO_DELICATA","Wilson's Snipe","Gallinago delicata","Sandpipers and Phalaropes","No special state or federal status code shown","Sandpipers and Phalaropes. Range: breeds central Aleutian Islands to eastern Canada and northern tier of continental USA; winters south of breeding range to northern South America Indiana listing: No special state or federal status code shown."
"CARDELLINA_PUSILLA","Wilson's Warbler","Cardellina pusilla","New World Warblers","No special state or federal status code shown","New World Warblers. Range: breeds in humid shrubland and forest from Alaska eastwards across Canada to Newfoundland and Nova Scotia and far northeastern USA from Minnesota to Maine, and in northwestern and western USA southwards to California and northern New Mexico; migrates southwards across central Canada and most USA to winter on the Gulf of Mexico coast southwards to central Panama Indiana listing: No special state or federal status code shown."
"TROGLODYTES_HIEMALIS","Winter Wren","Troglodytes hiemalis","Wrens","No special state or federal status code shown","Wrens. Range: breeds in forest from northeastern British Columbia eastwards to Newfoundland (northwestern to northeastern Canada), southwards to Wisconsin to southern Ontario, and in the Appalachians to far northeastern Georgia; winters in the southern half of the eastern USA to northeastern Texas, the Gulf coast, and northern Florida Indiana listing: No special state or federal status code shown."
"AIX_SPONSA","Wood Duck","Aix sponsa","Ducks, Geese, and Swans","No special state or federal status code shown","Ducks, Geese, and Swans. Range: breeds inland waters of southern Canada to southern California in the west and east-central Texas to southern Florida and Cuba in the east; mostly absent as a breeder in interior west-central USA; winters to central Mexico and the Bahamas Indiana listing: No special state or federal status code shown."
"MYCTERIA_AMERICANA","Wood Stork","Mycteria americana","Storks","No special state or federal status code shown","Storks. Range: southern USA to northern Argentina, Brazil, Cuba, and Hispaniola Indiana listing: No special state or federal status code shown."
"HYLOCICHLA_MUSTELINA","Wood Thrush","Hylocichla mustelina","Thrushes","No special state or federal status code shown","Thrushes. Range: breeds eastern North America; winters southern Texas to Panama Indiana listing: No special state or federal status code shown."
"HELMITHEROS_VERMIVORUM","Worm-eating Warbler","Helmitheros vermivorum","New World Warblers","Indiana Special Concern","New World Warblers. Range: breeds eastern USA; winters southeastern Mexico to Panama and Greater Antilles Indiana listing: Indiana Special Concern."
"COTURNICOPS_NOVEBORACENSIS","Yellow Rail","Coturnicops noveboracensis","Rails, Gallinules, and Coots","No special state or federal status code shown","Rails, Gallinules, and Coots. Range: sedge meadows, brackish marshes and shrubby marshes in north-central and western Canada, from southern Northwest Territories and southern Alberta eastward to southeastern Canada and southward to north-central US in North Dakota, adjacent Montana, northern Minnesota, Wisconsin, Michigan, northernmost New York and northern Maine; also locally in mountains of northern California and southern Oregon; formerly in central Mexico; winters in the southeastern Atlantic coast from North Carolina southward to southern Florida and the Gulf of Mexico coast, and in the central coast of California Indiana listing: No special state or federal status code shown."
"SETOPHAGA_PETECHIA","Yellow Warbler","Setophaga petechia","New World Warblers","No special state or federal status code shown","New World Warblers. Range: Range context unavailable in the matched Cornell record. Indiana listing: No special state or federal status code shown."
"EMPIDONAX_FLAVIVENTRIS","Yellow-bellied Flycatcher","Empidonax flaviventris","Flycatchers","No special state or federal status code shown","Flycatchers. Range: breeds eastern Canada and USA; winters Mexico to Panama Indiana listing: No special state or federal status code shown."
"SPHYRAPICUS_VARIUS","Yellow-bellied Sapsucker","Sphyrapicus varius","Woodpeckers","No special state or federal status code shown","Woodpeckers. Range: breeds southeastern Alaska and Yukon across Canada to Newfoundland and south in USA in northern tier of states from North Dakota east, and farther south in the Appalachian Mountains; winters southeastern USA to Panama Indiana listing: No special state or federal status code shown."
"COCCYZUS_AMERICANUS","Yellow-billed Cuckoo","Coccyzus americanus","Anis and Cuckoos","No special state or federal status code shown","Anis and Cuckoos. Range: breeds Canada to Mexico and West Indies; winters to northern Argentina Indiana listing: No special state or federal status code shown."
"GAVIA_ADAMSII","Yellow-billed Loon","Gavia adamsii","Loons","No special state or federal status code shown","Loons. Range: breeds Arctic northwestern Russia from Novaya Zemlya eastward to Chukotka Peninsula, through northern Alaska and northern Canada to Nunavut (east-central Canada); winters to northern Norway, Japan and Korean Peninsula, and coastal British Columbia (southwestern Canada); prone to extreme vagrancy Indiana listing: No special state or federal status code shown."
"ICTERIA_VIRENS","Yellow-breasted Chat","Icteria virens","Yellow-Breasted Chats","No special state or federal status code shown","Yellow-Breasted Chats. Range: breeds in dense deciduous bushes, second-growth, and thickets from southwestern Canada eastwards across USA to New York State and southwards to central Baja California and across eastern and central Mexico to the states of Michoacan and Jalisco, the Gulf coast, and northern Florida; winters in southernmost Baja California, southern Florida, and from southeastern Mexico southwards to western Panama Indiana listing: No special state or federal status code shown."
"NYCTANASSA_VIOLACEA","Yellow-crowned Night-Heron","Nyctanassa violacea","Bitterns, Herons, and Egrets","Indiana State Endangered","Bitterns, Herons, and Egrets. Range: Range context unavailable in the matched Cornell record. Indiana listing: Indiana State Endangered."
"XANTHOCEPHALUS_XANTHOCEPHALUS","Yellow-headed Blackbird","Xanthocephalus xanthocephalus","Blackbirds and Orioles","Indiana State Endangered","Blackbirds and Orioles. Range: breeds southern Canada to northern Baja California and southern USA; winters to central Mexico Indiana listing: Indiana State Endangered."
"SETOPHAGA_CORONATA","Yellow-rumped Warbler","Setophaga coronata","New World Warblers","No special state or federal status code shown","New World Warblers. Range: breeds coniferous and humid forest from Alaska (USA) and northern Yukon (northwestern Canada) eastwards to northeastern Canada, and southwards through western and northeastern USA, and in mountains of western Mexico and Chiapas to central Guatemala; winters on the western and eastern coasts of USA and the interior (from Kansas and Ohio) southwards across Mexico to central Panama, and in the Greater Antilles eastwards to the Virgin Islands Indiana listing: No special state or federal status code shown."
"VIREO_FLAVIFRONS","Yellow-throated Vireo","Vireo flavifrons","Vireos","No special state or federal status code shown","Vireos. Range: breeds eastern Canada to Gulf States; winters to Venezuela and West Indies Indiana listing: No special state or federal status code shown."
"SETOPHAGA_DOMINICA","Yellow-throated Warbler","Setophaga dominica","New World Warblers","No special state or federal status code shown","New World Warblers. Range: breeds woodland, semi-deciduous and pine forest, and forested swamps in eastern USA from southern Minnesota and Pennsylvania southwards to the Gulf coast; winters from southernmost USA on the Gulf slope and on the Pacific slope of western Mexico (Nayarit) southwards to central Panama, also Bermuda, and widely in the northern and western Caribbean Indiana listing: No special state or federal status code shown."
